"cz","L_manuf_t0","L_manuf_t1","d_ln_L","IPW","period","sample"
"100",50390,16050,-1.14408389311648,4.69531476979642,"2012-2019","full"
"10000",3804,1465,-0.954197902214113,3.36095852906941,"2012-2019","full"
"1001",2057,323,-1.8513515664303,-2.27479579854097,"2012-2019","full"
"1002",13889,7750,-0.583404316568826,8.02072048516408,"2012-2019","full"
"10101",1505,338,-1.49350228169996,-1.02544292740724,"2012-2019","full"
"10102",4132,1458,-1.04169591767092,3.72396374662185,"2012-2019","full"
"10200",8537,1844,-1.53247253289377,0.838831356286455,"2012-2019","full"
"10301",5485,395,-2.63088660780821,3.55884399342941,"2012-2019","full"
"10302",9494,5907,-0.474521931804029,0.896829976245588,"2012-2019","full"
"10400",5963,595,-2.30476758357748,-23.2029838858989,"2012-2019","full"
"10501",5348,1784,-1.09786462508188,-1.1575956378522,"2012-2019","full"
"10502",4378,675,-1.86963458721028,-15.3698878697189,"2012-2019","full"
"10600",9057,5737,-0.456601513773077,3.14647490569205,"2012-2019","full"
"10700",41633,33659,-0.212612642558142,1.91825578120309,"2012-2019","full"
"10801",18694,10362,-0.590057348367797,4.4305040556561,"2012-2019","full"
"10802",4105,231,-2.87754331136474,0.802539494479497,"2012-2019","full"
"10900",7285,4751,-0.427462317442385,2.41575034835461,"2012-2019","full"
"1100",43081,39497,-0.0868573449907597,6.89816278789224,"2012-2019","full"
"11001",26165,18730,-0.334296123368174,1.86375407742013,"2012-2019","full"
"11002",2980,1345,-0.795529287463511,1.40797041056809,"2012-2019","full"
"11101",20674,8101,-0.936889361297938,4.10090461252866,"2012-2019","full"
"11102",5777,629,-2.21750853908082,-1.72012417907844,"2012-2019","full"
"11201",7111,3072,-0.839314065615955,7.86361898028952,"2012-2019","full"
"11202",212,18,-2.46621451677585,2.37779479025047,"2012-2019","full"
"11301",3249,925,-1.25630879815668,1.14777268045008,"2012-2019","full"
"11302",59490,40664,-0.380465051055213,0.477536021726591,"2012-2019","full"
"11303",1984,537,-1.30687219333595,0.816296978772738,"2012-2019","full"
"11304",52351,32012,-0.491860206826054,5.4712226453871,"2012-2019","full"
"11401",5096,530,-2.26333419070583,1.40328766213734,"2012-2019","full"
"11402",11693,3195,-1.29740328432868,2.91258202671947,"2012-2019","full"
"11403",958,56,-2.83949608723571,1.09556811937848,"2012-2019","full"
"11500",16964,15236,-0.107432402995988,3.71814641322075,"2012-2019","full"
"11600",218564,264354,0.190210236195997,4.21525419565021,"2012-2019","full"
"11700",18883,13202,-0.357893713132862,4.37298143283459,"2012-2019","full"
"11800",6473,3413,-0.640048009638804,9.02467473848306,"2012-2019","full"
"11900",25429,20552,-0.212931995219748,3.9676348580336,"2012-2019","full"
"12001",9906,4835,-0.71725950526079,-18.8901789161627,"2012-2019","full"
"12002",3009,926,-1.17848884198387,0.227661851426932,"2012-2019","full"
"1201",1332,103,-2.5597078628707,4.8382768725448,"2012-2019","full"
"1202",1145,14,-4.40410258637308,6.11698344402445,"2012-2019","full"
"1203",20441,14834,-0.320620844503473,10.3767053873189,"2012-2019","full"
"1204",1875,96,-2.97201574693668,10.8556690984051,"2012-2019","full"
"12100",33507,33847,0.0100959969114758,7.42537257909469,"2012-2019","full"
"12200",118403,134841,0.130002246568589,4.21921840191282,"2012-2019","full"
"12301",6474,5440,-0.1740150946362,2.81408105284789,"2012-2019","full"
"12302",4020,790,-1.627004236152,3.40033462604709,"2012-2019","full"
"12401",2974,1759,-0.525162382282542,1.1919546775307,"2012-2019","full"
"12402",3608,560,-1.86297209745332,2.16561298679239,"2012-2019","full"
"12501",74263,62967,-0.165002066900859,-5.50574727555615,"2012-2019","full"
"12502",7029,1282,-1.70162308969529,4.71366523836869,"2012-2019","full"
"12600",7015,3630,-0.658818065277664,6.15824728464505,"2012-2019","full"
"12701",102000,90109,-0.123952764646345,3.91456174769353,"2012-2019","full"
"12702",2638,82,-3.47105708601301,1.34888551323645,"2012-2019","full"
"12800",9070,2067,-1.47887398342741,7.38952044834376,"2012-2019","full"
"12901",33329,15126,-0.790012771435411,5.32490108305862,"2012-2019","full"
"12902",4524,469,-2.26654906878973,0.29706251874321,"2012-2019","full"
"12903",5210,1678,-1.13297724772026,1.9889418749694,"2012-2019","full"
"13000",7981,5102,-0.447431097174251,1.85809590386235,"2012-2019","full"
"1301",6935,3845,-0.589807450809188,2.75424049122994,"2012-2019","full"
"1302",22670,9264,-0.894906543688798,2.39076475884752,"2012-2019","full"
"13101",61212,50262,-0.197093924329062,4.48274593900647,"2012-2019","full"
"13102",4866,2074,-0.852793134553995,0.558720040255276,"2012-2019","full"
"13103",7586,9101,0.182079854328512,4.30379175149314,"2012-2019","full"
"13200",13062,4309,-1.10900139284676,1.47684648683295,"2012-2019","full"
"13300",26224,16761,-0.447620262856352,21.1184975106478,"2012-2019","full"
"13400",27025,20603,-0.27132566726495,5.14206006043608,"2012-2019","full"
"13501",51249,40805,-0.227891482711824,3.48439159175159,"2012-2019","full"
"13502",10729,6638,-0.480139642356827,4.46640602632674,"2012-2019","full"
"13600",40546,33419,-0.193312531528706,3.3519823663317,"2012-2019","full"
"13700",73962,96318,0.264103769427896,5.96016897039493,"2012-2019","full"
"13800",18972,12597,-0.409505517645169,3.60069859282341,"2012-2019","full"
"13900",18254,10436,-0.559122866820204,4.6657650370572,"2012-2019","full"
"1400",26970,14602,-0.613566631517745,2.98155686757217,"2012-2019","full"
"14000",17869,7077,-0.926217278802877,4.23170330028526,"2012-2019","full"
"14100",56283,40917,-0.318846911116736,3.68701830583118,"2012-2019","full"
"14200",69588,56321,-0.211524671308331,2.1588070832621,"2012-2019","full"
"14300",19691,19228,-0.0237941285313195,6.30163716955075,"2012-2019","full"
"14400",21565,8071,-0.982794239757572,15.7922622753948,"2012-2019","full"
"14500",34291,12281,-1.02682957644264,3.64355218410693,"2012-2019","full"
"14600",17099,11481,-0.398326487154781,6.9872639163404,"2012-2019","full"
"14700",38678,21701,-0.57791262050617,2.86544573702972,"2012-2019","full"
"14801",3806,143,-3.28148941759619,5.46750162753318,"2012-2019","full"
"14802",2465,31,-4.37595988199164,6.1855721051174,"2012-2019","full"
"14900",41219,28604,-0.365352746913954,-3.1543292022675,"2012-2019","full"
"1500",20967,4021,-1.65141914524796,1.18549608812193,"2012-2019","full"
"15000",51969,48136,-0.0766170490468632,-0.438304465697001,"2012-2019","full"
"15100",27439,21287,-0.253868801294388,4.9454179969326,"2012-2019","full"
"15200",145269,141088,-0.0292033869518349,4.43977874011496,"2012-2019","full"
"15300",12071,4821,-0.917824506295506,1.55839247498943,"2012-2019","full"
"15400",7957,1841,-1.46374314214446,2.83270602351996,"2012-2019","full"
"15500",7265,1871,-1.35659524973029,0.351962942888293,"2012-2019","full"
"15600",5667,1015,-1.71977126469373,-6.30465557431671,"2012-2019","full"
"15700",12297,2737,-1.50249290013177,0.814507103606585,"2012-2019","full"
"15800",2333,122,-2.95088922728817,4.94754503806971,"2012-2019","full"
"15900",66676,51215,-0.263812610192344,4.4653560998102,"2012-2019","full"
"1600",18132,4724,-1.34502243474349,2.48831215398807,"2012-2019","full"
"16000",25060,14220,-0.566623525092828,17.3929801326887,"2012-2019","full"
"16100",14118,7203,-0.672952973066055,2.49219301959821,"2012-2019","full"
"16200",18716,9317,-0.697538084535681,-12.3319537712476,"2012-2019","full"
"16300",102614,80497,-0.242754459020288,2.32540847719457,"2012-2019","full"
"16400",41619,31515,-0.278093170801624,4.240312874177,"2012-2019","full"
"16500",53832,35837,-0.406887206639919,2.80790803472527,"2012-2019","full"
"16600",29912,9437,-1.15362160463562,2.71467038425934,"2012-2019","full"
"16701",2083,1180,-0.568294723801261,1.02563483201132,"2012-2019","full"
"16702",7753,1871,-1.42160681794487,3.81518351264571,"2012-2019","full"
"16703",1182,98,-2.48999571929547,-5.08713414472831,"2012-2019","full"
"16801",3944,1031,-1.34166623170557,1.56245318069978,"2012-2019","full"
"16802",2027,363,-1.71990931218715,-2.07328375683757,"2012-2019","full"
"16901",7796,4403,-0.571324654871697,1.92791884386719,"2012-2019","full"
"16902",360,31,-2.45211682696501,0.471817157872036,"2012-2019","full"
"17000",1506,166,-2.2052246200033,4.34595879855071,"2012-2019","full"
"1701",60947,39024,-0.445827792569657,3.30409640740531,"2012-2019","full"
"1702",2385,211,-2.42509626984638,13.4315762397692,"2012-2019","full"
"17100",14037,3587,-1.36438050200204,0.41312096829838,"2012-2019","full"
"17200",15945,9486,-0.51932827300663,1.65522827469601,"2012-2019","full"
"17300",11972,1720,-1.94024629916509,7.30960556464383,"2012-2019","full"
"17400",21188,12134,-0.557423554162174,2.97925253305297,"2012-2019","full"
"17501",9450,3057,-1.12858069859695,1.44135434303224,"2012-2019","full"
"17502",8735,4964,-0.56512607624366,1.59542382013599,"2012-2019","full"
"17600",7981,4078,-0.671457044741608,4.95808192188245,"2012-2019","full"
"17700",46852,26525,-0.568906012707581,-2.57329938937974,"2012-2019","full"
"17800",8458,2202,-1.34574670074981,-2.84525673238342,"2012-2019","full"
"17900",10915,5716,-0.646868729934287,-6.79636881778836,"2012-2019","full"
"1800",14970,7206,-0.731134186105635,-0.153569820854233,"2012-2019","full"
"18000",120132,102725,-0.156535623455873,3.68264358570983,"2012-2019","full"
"18100",19781,5111,-1.3533268012478,2.62306101663662,"2012-2019","full"
"18201",12765,3226,-1.37546407099043,7.36427466356979,"2012-2019","full"
"18202",8325,6907,-0.186727645759673,6.87043912760891,"2012-2019","full"
"18300",6177,2129,-1.06518033080242,2.06654139016212,"2012-2019","full"
"18400",5190,2039,-0.93427420558548,7.60487646081255,"2012-2019","full"
"18500",6446,2561,-0.923061976175857,-10.4824530320396,"2012-2019","full"
"18600",32260,19972,-0.479496780058701,2.91302559572806,"2012-2019","full"
"18700",10807,6189,-0.557420549563805,1.50208349458338,"2012-2019","full"
"18800",41356,28863,-0.359657015677209,5.99823266119468,"2012-2019","full"
"18900",18366,8240,-0.801500785269951,2.37927160787769,"2012-2019","full"
"1900",14911,6672,-0.804179530552325,11.7883069620613,"2012-2019","full"
"19000",30473,23793,-0.247449625880884,4.50315721683506,"2012-2019","full"
"19100",85543,77095,-0.103980745872128,5.99688640378323,"2012-2019","full"
"19200",65167,51412,-0.237081597585856,2.82292627415651,"2012-2019","full"
"19300",23510,16010,-0.384212335543355,-0.197927837967277,"2012-2019","full"
"19400",160066,130885,-0.201267155120382,-1.36572712522501,"2012-2019","full"
"19500",14116,12137,-0.151050267688799,4.48011124631032,"2012-2019","full"
"19600",186311,156893,-0.171853276076625,3.51120901010251,"2012-2019","full"
"19700",173291,155578,-0.107825048735707,2.5521962929121,"2012-2019","full"
"19800",19034,15174,-0.226643416734269,5.06157655054874,"2012-2019","full"
"19901",20053,14860,-0.299705729205284,1.15250766042133,"2012-2019","full"
"19902",8647,2026,-1.4511490341518,2.14944876520288,"2012-2019","full"
"19903",4445,2950,-0.409974698614139,-0.635811077495138,"2012-2019","full"
"200",15571,7650,-0.710704562020844,2.82656322652126,"2012-2019","full"
"2000",23860,15096,-0.457773608603521,3.90721488415859,"2012-2019","full"
"20001",11124,4255,-0.961010174346381,2.56480109080493,"2012-2019","full"
"20002",999,290,-1.23687385566803,-19.0741885023704,"2012-2019","full"
"20003",4017,1111,-1.28527484471965,-0.295570513541305,"2012-2019","full"
"20100",31197,17655,-0.569302906965856,-9.13641788046365,"2012-2019","full"
"20200",18609,11156,-0.511667864893848,0.118382795463665,"2012-2019","full"
"20301",4418,1038,-1.44839132025423,0.314804536078441,"2012-2019","full"
"20302",16404,7793,-0.744299312668389,4.32418849276394,"2012-2019","full"
"20401",70269,53500,-0.272649080376921,2.28750712813422,"2012-2019","full"
"20403",240,48,-1.6094379124341,2.09347249157993,"2012-2019","full"
"20500",167242,172276,0.0296559766208127,1.06363238163182,"2012-2019","full"
"20600",64230,51668,-0.217631756899932,0.256851433722934,"2012-2019","full"
"20700",7501,5054,-0.394856336021498,4.38428554910216,"2012-2019","full"
"20800",28508,22764,-0.225004408898746,6.00634267541848,"2012-2019","full"
"20901",160972,149785,-0.0720295042582819,2.97664442965979,"2012-2019","full"
"20902",8344,3715,-0.809164039528749,2.84669332990169,"2012-2019","full"
"2100",7010,1839,-1.33811575542431,-5.50262660726527,"2012-2019","full"
"21001",2995,782,-1.34284477000424,6.96284123084492,"2012-2019","full"
"21002",1476,331,-1.49497262978335,1.23229910904439,"2012-2019","full"
"21003",1220,123,-2.29442178235489,7.34811574197883,"2012-2019","full"
"21004",2526,616,-1.41114533937692,6.18016928967746,"2012-2019","full"
"21101",8670,2717,-1.16034046034824,2.13908948640474,"2012-2019","full"
"21102",4258,2884,-0.389621347048585,3.19293416342176,"2012-2019","full"
"21201",8991,4372,-0.721003506688344,-34.7210136285756,"2012-2019","full"
"21202",1975,552,-1.27477563105813,7.06082350625081,"2012-2019","full"
"21301",14251,6423,-0.79694178141542,4.45868456320658,"2012-2019","full"
"21302",12704,5063,-0.919957711517009,7.37615405483138,"2012-2019","full"
"21400",21106,15690,-0.296533793503958,9.55623946550684,"2012-2019","full"
"21501",171779,166538,-0.030985255313043,-0.803113682116254,"2012-2019","full"
"21502",1160,445,-0.95810100193417,7.11115491014581,"2012-2019","full"
"21600",4871,2343,-0.731867095298747,1.78578042644236,"2012-2019","full"
"21701",16728,5008,-1.20604732832854,-58.598371608634,"2012-2019","full"
"21702",7434,1485,-1.6106492996204,1.24650443764276,"2012-2019","full"
"21801",7441,2858,-0.956883168907448,5.0448387455827,"2012-2019","full"
"21802",6481,2338,-1.0195789563957,5.88819409679618,"2012-2019","full"
"21900",11500,1855,-1.82446233930981,2.09411512156495,"2012-2019","full"
"2200",5844,2027,-1.05885862641859,6.04374486639551,"2012-2019","full"
"22001",20123,11710,-0.541420261874606,4.0175881478353,"2012-2019","full"
"22002",1437,624,-0.834162517709597,4.24679499384794,"2012-2019","full"
"22100",15651,7866,-0.687985138698748,3.73357915605764,"2012-2019","full"
"22200",21893,14611,-0.404392281335252,8.92970310708886,"2012-2019","full"
"22300",15554,4150,-1.32120950603014,2.91999281124219,"2012-2019","full"
"22400",26852,23259,-0.143648152171574,5.55523136788086,"2012-2019","full"
"22500",66936,48114,-0.330163743940352,2.84460313812959,"2012-2019","full"
"22601",31879,29070,-0.0922407712306477,3.93560553488489,"2012-2019","full"
"22602",4506,1970,-0.827376299260155,3.31402947989358,"2012-2019","full"
"22700",34577,28979,-0.176617291400843,-0.394995536019805,"2012-2019","full"
"22800",28194,13146,-0.76299165950735,-11.9572511660956,"2012-2019","full"
"22900",15753,9418,-0.514408071502469,0.40367996620864,"2012-2019","full"
"2300",18873,6234,-1.10771414791086,2.74054458044243,"2012-2019","full"
"23000",8587,5029,-0.535028274500521,-1.17411682815266,"2012-2019","full"
"23100",38036,29387,-0.257980679992331,4.96087501950623,"2012-2019","full"
"23200",13503,8867,-0.420575362581035,4.82691293294016,"2012-2019","full"
"23301",6768,1812,-1.31777441468313,11.2986086922635,"2012-2019","full"
"23302",9760,3787,-0.946718251505343,3.06496659054924,"2012-2019","full"
"23400",9589,3425,-1.02951513645736,2.2013636213757,"2012-2019","full"
"23500",21561,10941,-0.678368926659761,3.45608805406166,"2012-2019","full"
"23600",12333,3044,-1.39910615658441,3.84530202684279,"2012-2019","full"
"23700",5415,395,-2.61804239453397,4.69750412653203,"2012-2019","full"
"23801",25060,13856,-0.592554597647842,0.186070882982139,"2012-2019","full"
"23802",5564,1831,-1.11145500836882,5.78965193594913,"2012-2019","full"
"23900",28418,15127,-0.630541520635822,3.06871514497107,"2012-2019","full"
"2400",31919,18049,-0.570111162187953,2.429601568722,"2012-2019","full"
"24000",40581,37597,-0.0763757167965302,8.46344014075143,"2012-2019","full"
"24100",133671,118893,-0.117157628104465,4.81332425680939,"2012-2019","full"
"24200",6352,1702,-1.31696569379365,2.18053557387392,"2012-2019","full"
"24300",348146,328499,-0.0580881382419633,3.47234446962755,"2012-2019","full"
"24400",49438,34105,-0.371275358150072,5.81365735247873,"2012-2019","full"
"24500",2587,668,-1.35396600864938,0.716800815049179,"2012-2019","full"
"24600",8693,2834,-1.12082896282844,-10.544036813479,"2012-2019","full"
"24701",91852,82698,-0.104983168116267,2.27060987938295,"2012-2019","full"
"24702",2519,135,-2.92634249791418,3.18889871186009,"2012-2019","full"
"24801",4754,2255,-0.74583639598336,-0.447638586029927,"2012-2019","full"
"24802",5606,2361,-0.86475219463922,5.70694354249524,"2012-2019","full"
"24900",17260,8574,-0.699657317479495,-0.842480140818073,"2012-2019","full"
"2500",33280,26820,-0.215808738099476,0.275934347348583,"2012-2019","full"
"25000",8949,2952,-1.1090588874625,7.2941361584126,"2012-2019","full"
"25101",3896,498,-2.05710558773777,0.324420635596981,"2012-2019","full"
"25102",4883,1950,-0.917930412503867,6.26072483228152,"2012-2019","full"
"25103",6995,3352,-0.735638425497607,0.993325693729158,"2012-2019","full"
"25104",1729,286,-1.79930667486344,9.58306286300465,"2012-2019","full"
"25105",4575,2917,-0.450051007841901,1.69939224472879,"2012-2019","full"
"25200",10236,2884,-1.26673269887484,2.10216262845332,"2012-2019","full"
"25300",9484,2445,-1.35556104527632,0.732549324264166,"2012-2019","full"
"25401",8804,2472,-1.27017862406877,-4.52398102010806,"2012-2019","full"
"25402",3604,46,-4.36115822223913,-1.32947482007799,"2012-2019","full"
"25500",10659,1134,-2.24065340040144,-1.73501665768624,"2012-2019","full"
"25601",7955,597,-2.58963882737928,1.41330258288548,"2012-2019","full"
"25602",695,78,-2.1872030188752,-51.3144274097931,"2012-2019","full"
"25701",13410,1962,-1.92203633615042,1.87806227675391,"2012-2019","full"
"25702",4413,335,-2.57817947744448,-0.063034342799506,"2012-2019","full"
"25800",6800,3735,-0.59917479359728,0.712492457743167,"2012-2019","full"
"25900",14858,3635,-1.40792932974413,5.20017831670178,"2012-2019","full"
"2600",7040,225,-3.44326304694767,-2.3413493389697,"2012-2019","full"
"26001",6185,189,-3.48813526976695,4.76775688071784,"2012-2019","full"
"26002",8485,4559,-0.621196597454885,1.53387470628641,"2012-2019","full"
"26004",1049,4,-5.56929824727641,0.561895424161596,"2012-2019","full"
"26101",2389,221,-2.38046744580806,2.85030683244712,"2012-2019","full"
"26102",2775,20,-4.93267375262654,-0.56880388806558,"2012-2019","full"
"26105",1910,1274,-0.404941684908567,0.138456088721484,"2012-2019","full"
"26106",1565,92,-2.83385252592521,3.02382790088934,"2012-2019","full"
"26107",1140,53,-3.06849162783642,3.6483674792216,"2012-2019","full"
"26201",2066,1016,-0.709741021541157,-1.28041503123454,"2012-2019","full"
"26304",1343,296,-1.51230174219918,-0.4735967425864,"2012-2019","full"
"26410",1767,264,-1.90108936917338,-1.36430922270977,"2012-2019","full"
"26412",344,182,-0.636634970296603,1.29266894784871,"2012-2019","full"
"26501",4905,275,-2.88123927433289,7.23277149621837,"2012-2019","full"
"26502",850,314,-0.99584336357611,1.72764786903715,"2012-2019","full"
"26503",14646,7692,-0.643986432912344,2.87873603367704,"2012-2019","full"
"26504",4607,2991,-0.431969106305969,3.87143283094793,"2012-2019","full"
"26605",3291,1101,-1.09497261222066,3.46347563078928,"2012-2019","full"
"26701",4912,1335,-1.30274989899263,3.85174779279688,"2012-2019","full"
"26702",1495,56,-3.28452979508964,2.4715985038992,"2012-2019","full"
"26703",1185,135,-2.1722232751308,6.85078349664978,"2012-2019","full"
"26704",4665,928,-1.61481138049524,1.77840161308473,"2012-2019","full"
"26801",11913,7615,-0.447510254470098,3.01488743353662,"2012-2019","full"
"26802",2600,38,-4.22568056428319,6.34619436725715,"2012-2019","full"
"26803",1672,428,-1.36265259806285,3.67667873846373,"2012-2019","full"
"26901",8979,4354,-0.723793554726317,3.48949052666107,"2012-2019","full"
"26902",4036,1540,-0.963471686065825,0.937192425098655,"2012-2019","full"
"2700",26551,16051,-0.503296258830993,-0.536789407046701,"2012-2019","full"
"27005",3800,927,-1.41080278014862,2.87493259913749,"2012-2019","full"
"27006",2269,228,-2.2977488558254,4.71320601223346,"2012-2019","full"
"27007",2755,1281,-0.76577641969028,2.904543353025,"2012-2019","full"
"27008",572,258,-0.79617940645818,6.06003170057318,"2012-2019","full"
"27011",160,12,-2.59026716544583,0.22274972861133,"2012-2019","full"
"27101",6164,1565,-1.37084009346575,2.34297592452474,"2012-2019","full"
"27102",3615,510,-1.95843640887449,-0.197183008033237,"2012-2019","full"
"27201",7224,3483,-0.729514824730819,1.62396206604618,"2012-2019","full"
"27202",6517,1446,-1.50561302361367,2.9518113154113,"2012-2019","full"
"27301",4940,580,-2.1420925066415,7.3448365421201,"2012-2019","full"
"27302",4304,488,-2.17698469598847,3.32162081336455,"2012-2019","full"
"27401",5388,3471,-0.439731521668469,0.206912284783994,"2012-2019","full"
"27402",6703,1799,-1.31532423240742,11.7060750896567,"2012-2019","full"
"27501",24318,19418,-0.225016345926273,2.82962050416318,"2012-2019","full"
"27503",1717,530,-1.17545685435131,9.07176662504753,"2012-2019","full"
"27504",4647,3040,-0.424364334684711,1.27744019414289,"2012-2019","full"
"27601",3749,2427,-0.434833211009312,1.10182241057668,"2012-2019","full"
"27701",1663,230,-1.97829917026973,-0.649824029162783,"2012-2019","full"
"27702",2238,847,-0.971637194219816,5.61000393656723,"2012-2019","full"
"27703",770,42,-2.90872089656436,-1.30840178561988,"2012-2019","full"
"27704",60,6,-2.30258509299405,0.526205041358272,"2012-2019","full"
"27801",4797,1159,-1.42043315816231,-0.0798325189711837,"2012-2019","full"
"27802",8482,2165,-1.36552590959795,2.41177464245378,"2012-2019","full"
"27901",2991,1459,-0.717856510107162,5.2281900827561,"2012-2019","full"
"27902",1139,143,-2.07506133318727,6.04765246593728,"2012-2019","full"
"27903",9271,3318,-1.02752905685659,2.02580359559379,"2012-2019","full"
"2800",9365,6493,-0.366254662369702,4.85567454267621,"2012-2019","full"
"28001",16147,9271,-0.554843025274639,0.42644073310286,"2012-2019","full"
"28002",781,202,-1.35230745243848,1.93517615122748,"2012-2019","full"
"28101",18227,12428,-0.382952019711995,4.89983770868881,"2012-2019","full"
"28102",3445,60,-4.05033462122566,1.14904614173213,"2012-2019","full"
"28201",3033,601,-1.61871257315337,6.9523242771454,"2012-2019","full"
"28202",34608,28260,-0.202637491954322,3.33177430426235,"2012-2019","full"
"28301",860,20,-3.76120011569356,1.96748985489429,"2012-2019","full"
"28302",525,3,-5.16478597392351,-1.59454484644911,"2012-2019","full"
"28306",430,67,-1.85909258929664,-0.0600312235235122,"2012-2019","full"
"28401",12122,9973,-0.195140542109362,-0.429217071888491,"2012-2019","full"
"28502",5904,2462,-0.874656059535909,2.72792643871774,"2012-2019","full"
"28608",4329,3185,-0.306884279435716,3.04970711631003,"2012-2019","full"
"28609",5582,3027,-0.611975105074547,3.28413015279552,"2012-2019","full"
"28701",270,79,-1.22897410653135,5.03179498339056,"2012-2019","full"
"28702",1160,624,-0.620024915730983,-2.30488280898162,"2012-2019","full"
"28703",190,134,-0.349184272209575,2.87409275462014,"2012-2019","full"
"28704",662,150,-1.48463026184075,-17.2021261448278,"2012-2019","full"
"28800",24920,26109,0.0466093885562344,0.977553781031039,"2012-2019","full"
"28900",73648,65996,-0.109702852945688,-0.249747943231963,"2012-2019","full"
"2900",7597,2299,-1.19527918674004,0.686292174776567,"2012-2019","full"
"29002",70,31,-0.814508037564213,5.21036080967627,"2012-2019","full"
"29003",8357,5950,-0.339708291461761,0.611628609261284,"2012-2019","full"
"29004",1892,185,-2.3250339245335,7.51947044205533,"2012-2019","full"
"29005",5086,1765,-1.05834097661467,4.23202217927288,"2012-2019","full"
"29006",1164,137,-2.13963670246326,14.2932303575843,"2012-2019","full"
"29102",525,478,-0.0937875301001672,7.7058025443824,"2012-2019","full"
"29103",535,249,-0.764813850431299,7.52151090028941,"2012-2019","full"
"29104",7088,2174,-1.18183442460376,8.27397725854181,"2012-2019","full"
"29201",1516,636,-0.868632002862195,8.78234875803123,"2012-2019","full"
"29202",1410,1113,-0.236530632096669,7.5661676880865,"2012-2019","full"
"29203",5017,230,-3.08250811556106,5.29187509326716,"2012-2019","full"
"29204",11625,6091,-0.646345679619072,-2.25828859804792,"2012-2019","full"
"29301",47401,46838,-0.0119484862552461,0.666349102724214,"2012-2019","full"
"29302",8537,4588,-0.620965458761045,6.15145348852477,"2012-2019","full"
"29303",3927,2051,-0.64954829650563,1.70723587886665,"2012-2019","full"
"29401",3509,296,-2.47272692125916,-0.0590170585990515,"2012-2019","full"
"29402",3033,2176,-0.332063899712749,0.685204169637597,"2012-2019","full"
"29403",9925,2839,-1.25160494908242,7.04111681692473,"2012-2019","full"
"29501",2470,487,-1.62370930653943,-1.59566848830413,"2012-2019","full"
"29502",79450,62209,-0.244628209171074,5.83497474500555,"2012-2019","full"
"29503",14231,8994,-0.458864995353007,1.13368642921738,"2012-2019","full"
"29504",6268,1318,-1.55934188841346,3.97917951851574,"2012-2019","full"
"29601",11800,4625,-0.93662316050723,5.98620247992958,"2012-2019","full"
"29602",2388,150,-2.76757618041624,5.8428188889852,"2012-2019","full"
"29700",22797,12662,-0.588023566233824,3.69007100678923,"2012-2019","full"
"29800",7751,4545,-0.533794139669933,-5.25309160901654,"2012-2019","full"
"29901",21842,11154,-0.672036543808174,0.155223105181245,"2012-2019","full"
"29902",2544,194,-2.57363476539668,1.51484352721342,"2012-2019","full"
"30000",12942,4817,-0.98832650898699,2.11735095189939,"2012-2019","full"
"3001",1255,306,-1.4113057496135,3.5665328744555,"2012-2019","full"
"3002",1380,6,-5.4380793089232,-4.42596319377559,"2012-2019","full"
"3003",25567,13197,-0.661312926395064,1.52983702391569,"2012-2019","full"
"301",3395,1271,-0.982499768803342,7.74926249592116,"2012-2019","full"
"30100",24451,12658,-0.658381688526894,9.72531696146416,"2012-2019","full"
"302",36701,22935,-0.470139874596573,-1.16384080307562,"2012-2019","full"
"30200",5913,1089,-1.69189347288787,5.31710755840082,"2012-2019","full"
"30300",30580,24788,-0.209986535401054,3.15336993849932,"2012-2019","full"
"30401",3936,480,-2.10413415427021,0.355565404438151,"2012-2019","full"
"30402",56048,47189,-0.172047651871647,7.83184284914142,"2012-2019","full"
"30403",1800,200,-2.19722457733622,4.90046400221757,"2012-2019","full"
"30501",529,138,-1.34373474670109,0.722538892013007,"2012-2019","full"
"30502",3777,2026,-0.622866637903829,0.806073693894652,"2012-2019","full"
"30601",17407,14121,-0.209209373083457,-10.9589412155415,"2012-2019","full"
"30602",430,123,-1.25160085331519,6.20114175336244,"2012-2019","full"
"30604",1051,24,-3.77944354052901,-1.56600002462959,"2012-2019","full"
"30701",2950,860,-1.23262806008631,0.823909928571228,"2012-2019","full"
"30801",1183,122,-2.27178781924513,-1.76156154766105,"2012-2019","full"
"30802",5863,3691,-0.462763993934217,3.05016035034039,"2012-2019","full"
"30901",3108,188,-2.80529274865759,0.085894840466779,"2012-2019","full"
"30902",1235,31,-3.68483904457693,5.32977401238706,"2012-2019","full"
"30903",10382,9483,-0.0905728155034478,0.672295933961628,"2012-2019","full"
"30904",3031,1036,-1.07352545423837,3.30874181511742,"2012-2019","full"
"30908",2885,27,-4.67144331293787,1.47769699958813,"2012-2019","full"
"31001",4311,88,-3.89158836026893,-1.02599573074564,"2012-2019","full"
"31003",140,13,-2.37669306514777,0.99915593481004,"2012-2019","full"
"31004",4000,96,-3.72970144863419,0.372801577476952,"2012-2019","full"
"3101",4381,1022,-1.45551551705025,1.38576377188035,"2012-2019","full"
"3102",2116,755,-1.03056504372917,3.43179786665167,"2012-2019","full"
"31101",9403,4961,-0.639421453976029,-1.96036716764114,"2012-2019","full"
"31102",2771,1192,-0.843575697237683,7.46645950120707,"2012-2019","full"
"31103",1531,956,-0.470918482606283,-1.57954945950036,"2012-2019","full"
"31201",39491,39471,-0.000506572792676963,3.54421165503498,"2012-2019","full"
"31202",1165,775,-0.407613336646453,0.99654985343154,"2012-2019","full"
"31301",44933,36862,-0.197991281255524,-10.1513425171445,"2012-2019","full"
"31302",370,18,-3.0231312477421,3.38685963032412,"2012-2019","full"
"31303",1192,1191,-0.000839278269995525,2.61568196278369,"2012-2019","full"
"31401",7069,7410,0.0471114121191789,7.5933391840111,"2012-2019","full"
"31503",1052,499,-0.745842297546137,1.76377828260274,"2012-2019","full"
"31600",11559,7564,-0.424064203515918,-2.22079848054428,"2012-2019","full"
"31700",10876,7032,-0.436087366387349,0.579518001713032,"2012-2019","full"
"31800",7488,4405,-0.530561479787149,0.530264160461563,"2012-2019","full"
"31900",13975,15361,0.0945618107258461,2.38815261745248,"2012-2019","full"
"32000",193120,185954,-0.0378124260505892,-3.9667356970723,"2012-2019","full"
"3201",160,7,-3.12926366617851,1.29659641193604,"2012-2019","full"
"3202",735,196,-1.32175583998232,2.07131944010529,"2012-2019","full"
"3203",3278,681,-1.57142645315426,5.51194070219443,"2012-2019","full"
"32100",26049,16070,-0.483025199997197,-0.532209277206309,"2012-2019","full"
"32201",6600,1200,-1.70474809223843,1.28965763708562,"2012-2019","full"
"32202",6702,1802,-1.31350883012897,1.1102687556533,"2012-2019","full"
"32301",3756,2502,-0.406264149301298,-4.56528637847735,"2012-2019","full"
"32302",1135,43,-3.27318781422194,4.90457960247004,"2012-2019","full"
"32305",525,33,-2.76689070112514,5.57797732517744,"2012-2019","full"
"32306",415,80,-1.64625188555682,-20.3564244455873,"2012-2019","full"
"32501",3949,1954,-0.703583828683922,2.51696201046186,"2012-2019","full"
"32601",5185,3908,-0.282744107500953,4.37965419517173,"2012-2019","full"
"32602",1040,75,-2.62948787859911,-0.271668264851024,"2012-2019","full"
"32701",3004,83,-3.58885940508743,2.08521063748553,"2012-2019","full"
"32702",3230,1148,-1.03446083933719,1.86735066228262,"2012-2019","full"
"32801",16186,14128,-0.135988027211907,2.5001547612661,"2012-2019","full"
"32802",4884,1454,-1.21164617713713,2.97866749669807,"2012-2019","full"
"32900",6968,6041,-0.142758678393598,5.01636887060783,"2012-2019","full"
"3300",33912,15535,-0.780673391205326,0.197443349629879,"2012-2019","full"
"33000",84463,88739,0.0493859083642434,3.36325192439008,"2012-2019","full"
"33100",142841,142616,-0.00157641989228274,3.8773674656375,"2012-2019","full"
"33200",12517,4026,-1.13431439312829,0.638655279422046,"2012-2019","full"
"33300",15668,8548,-0.605923078346683,3.95909375187814,"2012-2019","full"
"33400",15913,8055,-0.68084336859911,5.79678753920393,"2012-2019","full"
"33500",16781,7554,-0.798170069728759,-0.275780456982047,"2012-2019","full"
"33601",6026,3676,-0.494258236214669,-0.318659839816701,"2012-2019","full"
"33700",6588,1530,-1.45998207691105,-2.65745711364263,"2012-2019","full"
"33801",1950,198,-2.28731762086326,5.6734743891929,"2012-2019","full"
"33802",1830,481,-1.33620397572971,2.46688789210623,"2012-2019","full"
"33803",34756,23919,-0.373679096788493,2.3121654601478,"2012-2019","full"
"33901",1787,322,-1.71374196961502,-2.82182319338246,"2012-2019","full"
"33902",9359,3092,-1.10752031644994,-5.87064586682088,"2012-2019","full"
"3400",12316,6975,-0.568566902354824,2.21318977073294,"2012-2019","full"
"34001",14036,4328,-1.17651991617679,-11.3998802919488,"2012-2019","full"
"34002",7069,277,-3.23945679998362,1.83343918770337,"2012-2019","full"
"34101",1750,1878,0.0705915928506489,-6.26515232413161,"2012-2019","full"
"34102",4608,2520,-0.603535021870258,0.359726480146892,"2012-2019","full"
"34103",275,131,-0.74157377446542,-7.72516887630477,"2012-2019","full"
"34104",375,88,-1.4495892114922,-6.570726045973,"2012-2019","full"
"34107",192,63,-1.11436064563625,-7.55062634753571,"2012-2019","full"
"34108",1775,2229,0.227752631476353,-6.40241136979276,"2012-2019","full"
"34109",350,226,-0.437398155211173,-2.44249698771723,"2012-2019","full"
"34110",571,343,-0.509658762490071,-12.7009891698621,"2012-2019","full"
"34111",566,72,-2.06192795918713,-2.69761621604697,"2012-2019","full"
"34114",3283,2240,-0.382281772652508,-6.7358297275332,"2012-2019","full"
"34115",723,321,-0.811968099028749,-1.49341543129511,"2012-2019","full"
"34201",100,25,-1.38629436111989,-4.54232759239076,"2012-2019","full"
"34203",1329,820,-0.482877718454947,0.0263765609791731,"2012-2019","full"
"34204",545,145,-1.32405205224267,6.43376126423732,"2012-2019","full"
"34301",954,45,-3.05400118167797,2.26677585162199,"2012-2019","full"
"34302",540,82,-1.88484989229407,3.02225941548265,"2012-2019","full"
"34303",406,27,-2.7105162935974,-7.71882932409275,"2012-2019","full"
"34304",785,149,-1.66173741183695,5.65413941154434,"2012-2019","full"
"34308",4353,3444,-0.234231676004676,1.32301567407106,"2012-2019","full"
"34401",150,14,-2.371577964481,1.40315642401821,"2012-2019","full"
"34402",3500,2901,-0.187707463356101,-1.75330634760214,"2012-2019","full"
"34403",1421,367,-1.35375428004253,-0.359887261415839,"2012-2019","full"
"34404",1122,395,-1.04398232118152,-1.34956131216688,"2012-2019","full"
"34501",345,412,0.177478932318166,-5.80559814540258,"2012-2019","full"
"34502",257,118,-0.778391460429555,1.74017088811542,"2012-2019","full"
"34503",3685,2168,-0.5304654420639,5.70721656166008,"2012-2019","full"
"34504",2885,2396,-0.18572421970686,1.57495072863375,"2012-2019","full"
"34601",1015,417,-0.889557669677086,0.63514195431775,"2012-2019","full"
"34602",435,2,-5.38219885052874,-1.5473357307061,"2012-2019","full"
"34603",3032,1212,-0.916950580133002,4.09926196075005,"2012-2019","full"
"34701",9797,9144,-0.0689782898699942,-2.43471992716671,"2012-2019","full"
"34702",313,268,-0.155216210029296,4.61020614351602,"2012-2019","full"
"34703",1185,755,-0.450780304320206,-0.898968262959925,"2012-2019","full"
"34801",272,39,-1.94224042016635,-6.50375928445772,"2012-2019","full"
"34802",1628,759,-0.763105769166855,-0.360900430965339,"2012-2019","full"
"34805",468,78,-1.79175946922806,-0.0357130548654167,"2012-2019","full"
"34901",17012,11708,-0.373646608561748,-7.87137576940117,"2012-2019","full"
"3500",27945,19416,-0.364140824297362,1.31285929866712,"2012-2019","full"
"35001",98815,113237,0.136233552394861,1.88570836060404,"2012-2019","full"
"35002",285,179,-0.465103374427896,-2.20036152074728,"2012-2019","full"
"35100",33021,23035,-0.360128924321483,0.652534620208392,"2012-2019","full"
"35201",4978,2847,-0.5587623956495,2.41681459911747,"2012-2019","full"
"35202",151,123,-0.205095481442507,2.02400091051486,"2012-2019","full"
"35300",2522,1555,-0.48357669191153,3.88168059572007,"2012-2019","full"
"35401",8787,6489,-0.303164920874673,7.65470043214231,"2012-2019","full"
"35402",756,122,-1.82402033144628,-3.17111114221503,"2012-2019","full"
"35500",1534,265,-1.75590415594098,1.43704184253252,"2012-2019","full"
"35600",1368,1448,0.0568334747631658,0.219067541013757,"2012-2019","full"
"35701",5665,3012,-0.631702584542323,1.08062970910215,"2012-2019","full"
"35702",2430,807,-1.10232286806465,0.126668217968207,"2012-2019","full"
"35801",28139,21858,-0.252589527197621,-29.9827994499017,"2012-2019","full"
"35802",2392,628,-1.33734494860232,-2.24774673838789,"2012-2019","full"
"35803",220,7,-3.44771739729705,4.72164320421727,"2012-2019","full"
"35901",3913,3127,-0.22423026475257,5.21462994583523,"2012-2019","full"
"35902",1561,964,-0.481990625904887,4.52189460431928,"2012-2019","full"
"35903",50,11,-1.51412773262978,-39.3685560653165,"2012-2019","full"
"3600",4886,805,-1.80328697439912,-0.116159415335863,"2012-2019","full"
"36000",16641,16603,-0.00228612781555704,2.55744059890721,"2012-2019","full"
"36100",71855,76261,0.0595114678515891,3.10847092122914,"2012-2019","full"
"36200",20686,15457,-0.291395167785431,-0.845824087299428,"2012-2019","full"
"36301",10907,5071,-0.765866748133725,0.432657679762845,"2012-2019","full"
"36303",682,181,-1.32653262657764,1.93406449499856,"2012-2019","full"
"36401",395,103,-1.34415677667149,-1.89418519530122,"2012-2019","full"
"36402",582,138,-1.43921676257423,-4.39680414489415,"2012-2019","full"
"36404",3280,1317,-0.912486999634909,1.14988156460825,"2012-2019","full"
"36501",2407,1190,-0.704427851677497,-0.508424724785175,"2012-2019","full"
"36503",190,78,-0.890315245470894,-0.868498126118957,"2012-2019","full"
"36600",4099,2960,-0.325553773186232,2.2188878175718,"2012-2019","full"
"36700",2687,1907,-0.342894003015073,0.18369848335289,"2012-2019","full"
"36800",7866,7809,-0.00727275932908,-1.67182629205687,"2012-2019","full"
"36902",6278,4609,-0.309040544681389,-3.88525599049962,"2012-2019","full"
"3700",11212,8459,-0.281753669980665,0.671656627055555,"2012-2019","full"
"37000",30989,27806,-0.108380478057967,0.95252097157535,"2012-2019","full"
"37100",12144,12647,0.0405848122445658,0.809655176974986,"2012-2019","full"
"37200",43418,44082,0.0151774341996322,4.65787571421128,"2012-2019","full"
"37300",7881,5939,-0.282914030337789,1.52812358861959,"2012-2019","full"
"37400",58245,51331,-0.126363393684764,0.865690305915153,"2012-2019","full"
"37500",102671,98903,-0.0373901293679655,-5.42937366904629,"2012-2019","full"
"37601",330,169,-0.669193939537452,-2.54389558041372,"2012-2019","full"
"37603",670,15,-3.7992275112828,2.1241034651002,"2012-2019","full"
"37604",19996,19008,-0.0506723103710893,9.87523267670216,"2012-2019","full"
"37700",21410,23299,0.084552338594106,-2.84395061256555,"2012-2019","full"
"37800",130090,155245,0.176777995562329,0.647353456371563,"2012-2019","full"
"37901",23087,25231,0.0888037086720548,2.48622219315065,"2012-2019","full"
"37903",415,214,-0.662302505208847,2.50512538062901,"2012-2019","full"
"3800",20663,10515,-0.675541852126804,2.75307069467206,"2012-2019","full"
"38000",94733,105781,0.110308510836196,-3.84573329719182,"2012-2019","full"
"38100",7455,3823,-0.667849493502425,0.337370194621925,"2012-2019","full"
"38200",18968,18465,-0.0268763004585786,1.31193797207536,"2012-2019","full"
"38300",622530,589784,-0.0540354517754498,-0.30853838944753,"2012-2019","full"
"38401",5439,1911,-1.04596855518269,1.73116316644558,"2012-2019","full"
"38402",2373,2651,0.110781949853262,-0.681996243617499,"2012-2019","full"
"38501",5523,3480,-0.461888897132669,-1.30490063828957,"2012-2019","full"
"38502",2381,658,-1.28607091516155,0.0920976798133542,"2012-2019","full"
"38601",22179,18670,-0.172227937689442,1.21255165038959,"2012-2019","full"
"38602",1977,451,-1.47786848366794,-1.36693894677121,"2012-2019","full"
"38700",11324,8171,-0.326333066847083,2.17416912960958,"2012-2019","full"
"38801",90410,103167,0.131994153719816,-8.19689794161206,"2012-2019","full"
"38802",2417,2015,-0.1819079063227,2.11494415712438,"2012-2019","full"
"38901",40165,35864,-0.113261962772638,-9.36476411940453,"2012-2019","full"
"38902",2258,964,-0.851143450099062,-0.667498365096769,"2012-2019","full"
"39000",8134,9317,0.135787880983255,3.56058835824422,"2012-2019","full"
"3901",9434,4289,-0.788266579327328,2.75275897239497,"2012-2019","full"
"39100",14282,10797,-0.279731685361915,0.108558708504344,"2012-2019","full"
"39201",1910,917,-0.733751048784211,0.878986003878073,"2012-2019","full"
"39203",5716,5252,-0.0846603036270697,0.79927395962561,"2012-2019","full"
"39301",254,64,-1.37845118365887,8.44028212803109,"2012-2019","full"
"39302",9835,8219,-0.179498904674661,1.3688453353538,"2012-2019","full"
"39303",2895,894,-1.17503461483358,2.71319632544388,"2012-2019","full"
"39400",158545,174534,0.0960811003760753,1.0465076283088,"2012-2019","full"
"4001",2831,827,-1.23058059008821,-2.34381484146182,"2012-2019","full"
"4002",16151,4169,-1.35430576835772,3.1260846296625,"2012-2019","full"
"4003",2973,991,-1.09861228866811,1.07392978576318,"2012-2019","full"
"4004",1068,256,-1.42836557504058,-9.16648840657019,"2012-2019","full"
"401",24473,18027,-0.305699835020965,5.38401548734854,"2012-2019","full"
"402",6167,2262,-1.00296311831543,7.34873523817019,"2012-2019","full"
"4101",3482,334,-2.34422112735143,-0.539897524292188,"2012-2019","full"
"4102",8962,1485,-1.79757864410929,3.78524898448575,"2012-2019","full"
"4103",6393,4568,-0.33612816943088,2.4568858488879,"2012-2019","full"
"4200",23177,13260,-0.558408422862707,-4.87776858309239,"2012-2019","full"
"4301",4750,1244,-1.33981262372956,-8.7297169235308,"2012-2019","full"
"4302",4308,582,-2.00175859054484,1.70176596707231,"2012-2019","full"
"4401",6276,1901,-1.1943527713645,-4.29088049182163,"2012-2019","full"
"4402",4790,2791,-0.540130456868639,7.56989217562877,"2012-2019","full"
"4601",4704,1702,-1.01660918044514,2.60837126520057,"2012-2019","full"
"4602",8441,4158,-0.708066595565761,3.80792067455894,"2012-2019","full"
"4701",5504,725,-2.0270587247585,15.2131303402291,"2012-2019","full"
"4702",5182,392,-2.58168452133159,4.09436273988067,"2012-2019","full"
"4800",3354,158,-3.05531390935619,3.18010137193351,"2012-2019","full"
"4901",14015,6467,-0.773415862152294,2.63409703106094,"2012-2019","full"
"4902",7559,2275,-1.20075885390713,-0.917677892516265,"2012-2019","full"
"4903",2615,114,-3.13282092810453,-18.375227113023,"2012-2019","full"
"500",83000,61567,-0.298714595089004,6.36703444549188,"2012-2019","full"
"5000",25909,19640,-0.277022095765874,6.03495473537843,"2012-2019","full"
"5100",10207,2300,-1.49016463648626,2.95010952614197,"2012-2019","full"
"5201",4158,3221,-0.255342319086759,4.52206372559788,"2012-2019","full"
"5202",35474,25735,-0.320948100678677,1.69432657308159,"2012-2019","full"
"5300",3782,267,-2.65075959081815,-19.2762568499284,"2012-2019","full"
"5401",15597,8859,-0.565644696639794,1.05034540978051,"2012-2019","full"
"5402",8309,2695,-1.12594106032188,3.34617648987036,"2012-2019","full"
"5500",10174,5725,-0.57499289696027,1.41052209240162,"2012-2019","full"
"5600",55713,41681,-0.290168123399269,7.7043519912413,"2012-2019","full"
"5700",13202,7383,-0.58118827318955,3.09994270999994,"2012-2019","full"
"5800",8598,3412,-0.924230988444657,0.185002905314172,"2012-2019","full"
"5900",12364,9006,-0.31689800239049,4.97572717378908,"2012-2019","full"
"6000",37313,25045,-0.398667584588466,14.766496956633,"2012-2019","full"
"601",5950,3682,-0.479935136746652,0.130604338357958,"2012-2019","full"
"602",2995,513,-1.76442366537878,2.01950052551434,"2012-2019","full"
"6100",27899,20048,-0.330461447737349,8.62561751496132,"2012-2019","full"
"6200",15100,7900,-0.647831984347903,3.58847133110095,"2012-2019","full"
"6301",8398,5117,-0.495425252439047,2.37209784125658,"2012-2019","full"
"6302",6864,3707,-0.616067438017065,7.99424243894564,"2012-2019","full"
"6401",36120,22563,-0.470535332036409,8.83433083292582,"2012-2019","full"
"6402",6897,1799,-1.34385557948076,3.16053171148999,"2012-2019","full"
"6501",2795,510,-1.70117665987083,-0.120889795511693,"2012-2019","full"
"6502",18744,10125,-0.615866088212892,15.2614715020245,"2012-2019","full"
"6600",51352,30528,-0.520059588743601,22.6496989983829,"2012-2019","full"
"6700",51217,58596,0.134594926682238,0.584342914652447,"2012-2019","full"
"6800",16022,15285,-0.0470908224501283,0.772459384291117,"2012-2019","full"
"6900",16442,13405,-0.204211265042019,4.18478127199913,"2012-2019","full"
"700",31551,28049,-0.11765230349668,4.305561578856,"2012-2019","full"
"7000",21554,24273,0.118803207319171,-0.583002691400879,"2012-2019","full"
"7100",18813,19293,0.0251942155918421,-1.42665913958656,"2012-2019","full"
"7200",7403,8108,0.0909659051287939,7.30120340794909,"2012-2019","full"
"7300",19918,15345,-0.260834157437749,19.4320384610069,"2012-2019","full"
"7400",40230,38093,-0.0545824477430426,1.50644277301364,"2012-2019","full"
"7500",11328,9465,-0.179676752290078,2.28667938193723,"2012-2019","full"
"7600",27292,22966,-0.17257875759918,2.7429451263597,"2012-2019","full"
"7700",6025,1068,-1.73012973883872,0.636609458306793,"2012-2019","full"
"7800",6022,6305,0.0459235393573412,5.4728468126001,"2012-2019","full"
"7900",5086,3332,-0.422918942695333,4.54035106484567,"2012-2019","full"
"800",25850,19237,-0.295475093030394,5.56940630968039,"2012-2019","full"
"8000",10518,3961,-0.976591556527373,7.62775781237783,"2012-2019","full"
"8100",37856,16779,-0.813661383288416,-3.40832932776215,"2012-2019","full"
"8201",4521,592,-2.0329818524106,2.33938140806672,"2012-2019","full"
"8202",23673,21000,-0.119812720483585,2.88948244461855,"2012-2019","full"
"8300",63963,51864,-0.209679883308283,4.83250053567078,"2012-2019","full"
"8401",25738,7447,-1.24015723234297,5.73505698704869,"2012-2019","full"
"8402",1444,64,-3.1162892360931,6.9485190449115,"2012-2019","full"
"8501",1905,588,-1.17551033966217,0.956569159747121,"2012-2019","full"
"8502",2115,137,-2.73682916565225,0.72647587690649,"2012-2019","full"
"8503",10794,5651,-0.647157903548745,1.7016309478564,"2012-2019","full"
"8601",6412,2075,-1.12821008106464,2.284790866527,"2012-2019","full"
"8602",2637,381,-1.93459781122659,1.19606615044422,"2012-2019","full"
"8701",4590,1805,-0.93331943228761,-0.226295699155705,"2012-2019","full"
"8702",5100,1052,-1.57854742541476,1.99821109932595,"2012-2019","full"
"8800",18150,15103,-0.183777161126656,1.97559930895732,"2012-2019","full"
"8900",13535,3880,-1.24944376943108,6.71446934246458,"2012-2019","full"
"900",65437,57409,-0.130886762263215,4.79763551150179,"2012-2019","full"
"9001",6399,1363,-1.54645357544293,4.6680675222796,"2012-2019","full"
"9002",3832,802,-1.56403353122424,0.941480643147621,"2012-2019","full"
"9003",4152,1399,-1.08783245018024,13.9533593190183,"2012-2019","full"
"9100",105365,96931,-0.0834311274744675,2.72061887571383,"2012-2019","full"
"9200",5934,1720,-1.23837423104327,8.59870011391906,"2012-2019","full"
"9301",8294,3539,-0.851688160460863,3.67006214800492,"2012-2019","full"
"9302",7297,2565,-1.04550482616075,3.41059155748426,"2012-2019","full"
"9400",27079,24556,-0.0978022961751215,2.26241169176242,"2012-2019","full"
"9500",11914,7144,-0.511441335632297,3.03533421578224,"2012-2019","full"
"9600",33660,24634,-0.312182586243367,9.31061825968553,"2012-2019","full"
"9701",13729,4624,-1.08825025254539,-2.60986261623415,"2012-2019","full"
"9702",3455,381,-2.20477836107507,5.68215065123381,"2012-2019","full"
"9800",7018,5322,-0.276629104605526,1.75694026534866,"2012-2019","full"
"9900",5884,1701,-1.24102048932547,4.21285445200238,"2012-2019","full"
