"cz","L_manuf_t0","L_manuf_t1","d_ln_L","IPW","period","sample"
"100",66877,50390,-0.283062368618527,20.2778968124464,"1999-2011","manuf"
"10000",4112,3804,-0.0778563834697206,8.63273217451432,"1999-2011","manuf"
"1001",4043,2057,-0.675738379987814,22.7484370102716,"1999-2011","manuf"
"1002",30730,13889,-0.794142216208311,16.7372505924277,"1999-2011","manuf"
"10101",3809,1505,-0.928573789295629,17.4562324227301,"1999-2011","manuf"
"10102",5545,4132,-0.294135069544939,12.4886059136646,"1999-2011","manuf"
"10200",11750,8537,-0.319443582561998,9.6953922673073,"1999-2011","manuf"
"10301",6330,5485,-0.14328314242889,11.7870971219852,"1999-2011","manuf"
"10302",18037,9494,-0.641765183558936,15.283848921657,"1999-2011","manuf"
"10400",14438,5963,-0.884289909575999,31.7203673825328,"1999-2011","manuf"
"10501",9125,5348,-0.534295240228857,12.7629579975665,"1999-2011","manuf"
"10502",11372,4378,-0.954562194688082,19.6169212169806,"1999-2011","manuf"
"10600",20394,9057,-0.811702800549222,12.5867738509392,"1999-2011","manuf"
"10700",60410,41633,-0.372261532124403,9.98144156824208,"1999-2011","manuf"
"10801",21885,18694,-0.157598853882465,8.89636284146891,"1999-2011","manuf"
"10802",5607,4105,-0.311810074237144,5.84492919406432,"1999-2011","manuf"
"10900",13811,7285,-0.639647936448624,14.3611887693581,"1999-2011","manuf"
"1100",82077,43081,-0.644575766400452,16.9087574051152,"1999-2011","manuf"
"11001",34407,26165,-0.273837392226323,15.4796158431474,"1999-2011","manuf"
"11002",7683,2980,-0.947086795368184,18.0182937033434,"1999-2011","manuf"
"11101",20202,20674,0.0230952627393002,16.6836448104012,"1999-2011","manuf"
"11102",7502,5777,-0.261285134860566,22.5537006062616,"1999-2011","manuf"
"11201",9007,7111,-0.236359171900224,17.0496833715708,"1999-2011","manuf"
"11202",243,212,-0.136475168668536,12.223418977581,"1999-2011","manuf"
"11203",1569,1124,-0.333544722279396,10.4797549280997,"1999-2011","manuf"
"11301",5558,3249,-0.536891074633349,8.44280884678614,"1999-2011","manuf"
"11302",88419,59490,-0.39627864747588,13.1145813604914,"1999-2011","manuf"
"11303",3485,1984,-0.563353035349806,11.5867307212091,"1999-2011","manuf"
"11304",70043,52351,-0.291138299836552,26.5477761722868,"1999-2011","manuf"
"11401",5771,5096,-0.124389457458967,6.9074953296282,"1999-2011","manuf"
"11402",14793,10708,-0.323162970251992,8.74293109493225,"1999-2011","manuf"
"11403",1218,958,-0.240117670298982,8.59839388320189,"1999-2011","manuf"
"11500",31362,16964,-0.614503517346495,11.4737664926323,"1999-2011","manuf"
"11600",422537,218564,-0.659198139101855,8.4212479286449,"1999-2011","manuf"
"11700",25417,18883,-0.297156195088071,5.91035872229675,"1999-2011","manuf"
"11800",7048,6473,-0.0851042090705061,9.01267439738261,"1999-2011","manuf"
"11900",50446,25429,-0.685013202206752,8.41442671339799,"1999-2011","manuf"
"12001",12991,9906,-0.271116175847549,23.2552238784588,"1999-2011","manuf"
"12002",4588,3009,-0.421836401619217,10.108623249234,"1999-2011","manuf"
"1201",4275,1332,-1.16610253027053,11.8213689307292,"1999-2011","manuf"
"1202",2119,1145,-0.615539642279959,22.2656831348043,"1999-2011","manuf"
"1203",37220,20441,-0.599303563396264,14.8181213719868,"1999-2011","manuf"
"1204",6695,1875,-1.27275231972076,39.4071076926466,"1999-2011","manuf"
"12100",48480,33507,-0.369396969534259,9.9924773967788,"1999-2011","manuf"
"12200",176489,118403,-0.399164491518274,10.8302242265999,"1999-2011","manuf"
"12301",10923,6474,-0.523076502357354,14.4198726546376,"1999-2011","manuf"
"12302",6664,4020,-0.505438002233612,10.4136112553787,"1999-2011","manuf"
"12401",4663,2974,-0.44975116978822,7.1261915348116,"1999-2011","manuf"
"12402",5118,3608,-0.349610135537221,11.2202376296369,"1999-2011","manuf"
"12501",130434,74263,-0.563254505170649,10.5913569000733,"1999-2011","manuf"
"12502",12507,7029,-0.576244039373002,14.24281046367,"1999-2011","manuf"
"12600",14556,7015,-0.72995256619549,9.30321672950142,"1999-2011","manuf"
"12701",146655,102000,-0.363110076341473,11.0488188291337,"1999-2011","manuf"
"12702",5872,2638,-0.800174237017091,33.1140843870616,"1999-2011","manuf"
"12800",14664,9070,-0.480423246410359,20.0185514124209,"1999-2011","manuf"
"12901",49785,33329,-0.401285844970799,30.9467107008183,"1999-2011","manuf"
"12902",3655,4524,0.213300465052132,23.7466205617599,"1999-2011","manuf"
"12903",11810,5210,-0.818366774443994,28.4231077413386,"1999-2011","manuf"
"13000",12286,7981,-0.431396685847865,17.1237890836304,"1999-2011","manuf"
"1301",9491,6935,-0.313762927381559,13.2460317832061,"1999-2011","manuf"
"1302",43390,22670,-0.649186535290822,16.0117048431012,"1999-2011","manuf"
"13101",92186,61212,-0.409465026486531,15.6473718122701,"1999-2011","manuf"
"13102",6846,4866,-0.341392295746664,9.32047713346874,"1999-2011","manuf"
"13103",6151,7586,0.209689773040475,8.17839464960278,"1999-2011","manuf"
"13200",18357,13062,-0.340303721668047,8.02656019612346,"1999-2011","manuf"
"13300",38137,26224,-0.374509917499783,20.1575113947508,"1999-2011","manuf"
"13400",34333,27025,-0.239344627251262,12.8910397227714,"1999-2011","manuf"
"13501",79223,51249,-0.435570555068661,9.59999639476543,"1999-2011","manuf"
"13502",19972,10729,-0.621380936983753,9.94554110324792,"1999-2011","manuf"
"13600",63036,40546,-0.441268859713823,11.9871861991107,"1999-2011","manuf"
"13700",92929,73962,-0.228284312926224,9.98051173239051,"1999-2011","manuf"
"13800",25406,18972,-0.292021158585934,8.96279963582409,"1999-2011","manuf"
"13900",33411,18254,-0.604500952984388,8.5393666382173,"1999-2011","manuf"
"1400",58022,26970,-0.766097111819626,17.1240303486539,"1999-2011","manuf"
"14000",42927,17869,-0.876433630696184,9.11119966067499,"1999-2011","manuf"
"14100",89409,56283,-0.462828812523824,15.7820168550319,"1999-2011","manuf"
"14200",112103,69588,-0.476825952857522,15.875887119433,"1999-2011","manuf"
"14300",26096,19691,-0.281620367315623,20.3785147145383,"1999-2011","manuf"
"14400",25061,21565,-0.150241222801812,8.39047742240292,"1999-2011","manuf"
"14500",43676,34291,-0.241915823080934,9.18391233104926,"1999-2011","manuf"
"14600",26155,17099,-0.425020394556118,20.7439693457779,"1999-2011","manuf"
"14700",50732,38678,-0.271285912265077,13.2850596242665,"1999-2011","manuf"
"14801",4690,3806,-0.208853813584231,8.68025464015815,"1999-2011","manuf"
"14802",2026,2465,0.196128401668162,9.14812578934651,"1999-2011","manuf"
"14900",51345,41219,-0.219668245550153,9.71622167779449,"1999-2011","manuf"
"1500",24788,20967,-0.16740989193676,13.2134398227621,"1999-2011","manuf"
"15000",82782,51969,-0.465563259489038,13.7723211713971,"1999-2011","manuf"
"15100",49580,27439,-0.591622167562114,10.0692202838724,"1999-2011","manuf"
"15200",236984,145269,-0.489405432180305,11.657568351342,"1999-2011","manuf"
"15300",18918,12071,-0.449307968071988,11.2749327653451,"1999-2011","manuf"
"15400",17362,7957,-0.780231865574219,9.74774801628194,"1999-2011","manuf"
"15500",14338,7265,-0.679845058408434,11.0241619424538,"1999-2011","manuf"
"15600",9430,5667,-0.509236219457884,17.3062396504336,"1999-2011","manuf"
"15700",16390,12297,-0.287316062565429,9.40254726547054,"1999-2011","manuf"
"15800",3966,2333,-0.530603037058311,31.4010510632562,"1999-2011","manuf"
"15900",105235,66676,-0.456350876510294,18.5624992447557,"1999-2011","manuf"
"1600",27451,18132,-0.41472426408588,15.3238351013278,"1999-2011","manuf"
"16000",44266,25060,-0.568943938551932,18.6815045325301,"1999-2011","manuf"
"16100",22153,14118,-0.450522348527258,18.9405005715283,"1999-2011","manuf"
"16200",29227,18716,-0.445714166572078,23.0122242061847,"1999-2011","manuf"
"16300",135972,102614,-0.281474606516804,16.7504570605817,"1999-2011","manuf"
"16400",78406,41619,-0.633343661273592,8.60768854393223,"1999-2011","manuf"
"16500",72398,53832,-0.296310588814704,11.3225113595345,"1999-2011","manuf"
"16600",47327,29912,-0.458821219489041,16.0586274269182,"1999-2011","manuf"
"16701",2849,2083,-0.313158893236936,9.70844966427272,"1999-2011","manuf"
"16702",7422,7753,0.043631302598417,11.2112853774244,"1999-2011","manuf"
"16703",1846,1182,-0.445813217096753,11.2624448569855,"1999-2011","manuf"
"16801",3551,3944,0.104966182779439,10.6448596757342,"1999-2011","manuf"
"16802",1952,2027,0.0377023794789624,9.20346117200559,"1999-2011","manuf"
"16901",9318,7796,-0.178337231749291,14.494639650751,"1999-2011","manuf"
"16902",1125,360,-1.13943428318836,19.2766604692921,"1999-2011","manuf"
"17000",2436,1506,-0.480900220469949,10.8591483691195,"1999-2011","manuf"
"1701",111907,60947,-0.607663535171563,57.4309258880918,"1999-2011","manuf"
"1702",6369,2385,-0.982243347048923,10.2364622843337,"1999-2011","manuf"
"17100",18999,14037,-0.302689645650215,13.2136384401004,"1999-2011","manuf"
"17200",23267,15945,-0.377890747183136,16.5663850535404,"1999-2011","manuf"
"17300",18405,11972,-0.430051776840532,12.6968120927732,"1999-2011","manuf"
"17400",33357,21188,-0.453832661706942,11.5071395369357,"1999-2011","manuf"
"17501",10408,9450,-0.096559999704553,7.3243865648361,"1999-2011","manuf"
"17502",13642,8735,-0.445815325646508,13.3403284117511,"1999-2011","manuf"
"17600",13649,7981,-0.536602541980187,20.0509762179225,"1999-2011","manuf"
"17700",73371,46852,-0.448535064974255,16.0232915910683,"1999-2011","manuf"
"17800",11624,8458,-0.317959187217685,17.2607708569438,"1999-2011","manuf"
"17900",29172,10915,-0.98307135512008,77.5210325856403,"1999-2011","manuf"
"1800",19055,14970,-0.241281335894287,11.6430528278966,"1999-2011","manuf"
"18000",193031,120132,-0.474259659542902,14.5483122242121,"1999-2011","manuf"
"18100",27924,19781,-0.344764653074217,23.811349908569,"1999-2011","manuf"
"18201",16015,12765,-0.226818732367674,16.1074562873811,"1999-2011","manuf"
"18202",10419,8325,-0.224368026563539,11.9920777087496,"1999-2011","manuf"
"18300",11221,6177,-0.596954305968968,9.06239585586999,"1999-2011","manuf"
"18400",8439,5190,-0.486130120998032,29.4685900845961,"1999-2011","manuf"
"18500",8497,6446,-0.276253376628159,14.1551565867018,"1999-2011","manuf"
"18600",42007,32260,-0.264008198365625,13.0469455053364,"1999-2011","manuf"
"18700",19208,10807,-0.575132786597925,11.8996122883286,"1999-2011","manuf"
"18800",60959,41356,-0.387983993319919,12.9335037976818,"1999-2011","manuf"
"18900",24847,18366,-0.30223589171746,12.8980481918046,"1999-2011","manuf"
"1900",27286,14911,-0.604274554531912,23.0604378736321,"1999-2011","manuf"
"19000",45040,30473,-0.390709938181258,19.9829645151086,"1999-2011","manuf"
"19100",124662,85543,-0.376586901395259,13.0996156665509,"1999-2011","manuf"
"19200",93021,65167,-0.355872068280688,12.0262925579809,"1999-2011","manuf"
"19300",30403,23510,-0.257115425201757,23.3450911117747,"1999-2011","manuf"
"19400",306153,160066,-0.648498746814941,25.6742574711832,"1999-2011","manuf"
"19500",18531,14116,-0.272136099568849,17.6629155898848,"1999-2011","manuf"
"19600",317898,186311,-0.534313256194118,15.2718718108713,"1999-2011","manuf"
"19700",267523,173291,-0.434233281639351,16.0811992685188,"1999-2011","manuf"
"19800",28714,19034,-0.41115795505535,11.0864893786332,"1999-2011","manuf"
"19901",30745,20053,-0.427348610910537,10.9657377322067,"1999-2011","manuf"
"19902",11239,8647,-0.262177432557838,10.3557498906302,"1999-2011","manuf"
"19903",4955,4445,-0.108617298816084,3.53720541657134,"1999-2011","manuf"
"200",26503,15571,-0.531847724272566,21.2805600877941,"1999-2011","manuf"
"2000",28214,23860,-0.16761489198254,10.0726195640314,"1999-2011","manuf"
"20001",18921,11124,-0.531167479977904,28.645647044148,"1999-2011","manuf"
"20002",2068,999,-0.727582456979766,5.76513964311572,"1999-2011","manuf"
"20003",5503,4017,-0.314758042700475,6.04578267918758,"1999-2011","manuf"
"20100",52008,31197,-0.511075616555964,26.8785927724634,"1999-2011","manuf"
"20200",26865,18609,-0.367178989521694,17.4734876503177,"1999-2011","manuf"
"20301",7964,4418,-0.589244281204024,12.3196283806292,"1999-2011","manuf"
"20302",21644,16404,-0.277203072250677,17.6131537351822,"1999-2011","manuf"
"20401",124845,70269,-0.574742233587287,21.9949281413283,"1999-2011","manuf"
"20402",140,100,-0.336472236621212,14.5301168059279,"1999-2011","manuf"
"20403",160,240,0.405465108108165,8.86961318533683,"1999-2011","manuf"
"20500",311934,167242,-0.623349761692154,29.3336044808203,"1999-2011","manuf"
"20600",91449,64230,-0.353311048570262,25.9155877700492,"1999-2011","manuf"
"20700",10333,7501,-0.320306312244718,13.9526150801032,"1999-2011","manuf"
"20800",44975,28508,-0.455922030196973,14.9393200659718,"1999-2011","manuf"
"20901",243476,160972,-0.413787938220334,12.9579559298963,"1999-2011","manuf"
"20902",12817,8344,-0.429229697049216,9.58509510786957,"1999-2011","manuf"
"2100",11241,7010,-0.472230107433163,7.14021066782023,"1999-2011","manuf"
"21001",4189,3274,-0.246449563015956,10.0421309220932,"1999-2011","manuf"
"21002",2091,1476,-0.348306694268215,12.7743261216544,"1999-2011","manuf"
"21003",1710,1220,-0.337642511769403,16.7686969175659,"1999-2011","manuf"
"21004",3736,2400,-0.442546783012697,6.49549471683743,"1999-2011","manuf"
"21101",11552,9297,-0.21716681467675,7.12713073512023,"1999-2011","manuf"
"21102",5749,4584,-0.226453947228716,10.3012517208689,"1999-2011","manuf"
"21201",11948,8991,-0.284339823351228,93.9824105542573,"1999-2011","manuf"
"21202",2952,1975,-0.401914508385141,21.287063521852,"1999-2011","manuf"
"21301",18912,14251,-0.282969561532614,11.4572691602093,"1999-2011","manuf"
"21302",17149,12704,-0.30002295836923,16.0708549934143,"1999-2011","manuf"
"21400",22797,21106,-0.0770715881068593,13.5279187549013,"1999-2011","manuf"
"21501",232356,170646,-0.308679443020305,18.8489917636298,"1999-2011","manuf"
"21502",1330,1160,-0.136758937115389,8.83943553726384,"1999-2011","manuf"
"21600",7678,4871,-0.455059841754201,9.97283805832297,"1999-2011","manuf"
"21701",24030,16728,-0.362219087622044,103.050504478167,"1999-2011","manuf"
"21702",6808,7434,0.0879656806039879,5.03518455251845,"1999-2011","manuf"
"21801",11759,7441,-0.457613656426155,8.41217508501333,"1999-2011","manuf"
"21802",8079,6481,-0.220393283051992,5.89852411630071,"1999-2011","manuf"
"21900",14406,11500,-0.225297751097967,27.9073646319052,"1999-2011","manuf"
"2200",14906,5844,-0.93634832257105,11.6089678932208,"1999-2011","manuf"
"22001",19780,20123,0.0171921132896653,13.9969298424102,"1999-2011","manuf"
"22002",3110,1437,-0.772065119094255,12.8321359646297,"1999-2011","manuf"
"22100",17887,15651,-0.133539379302743,10.3786551980822,"1999-2011","manuf"
"22200",28737,21893,-0.272018540043666,24.3178547504024,"1999-2011","manuf"
"22300",18725,15554,-0.185541689130531,9.73658086584266,"1999-2011","manuf"
"22400",37657,26648,-0.345804759047757,11.898873387545,"1999-2011","manuf"
"22500",81223,64688,-0.227622745392686,9.98258227718663,"1999-2011","manuf"
"22601",37867,31469,-0.185077086120543,7.26942460044548,"1999-2011","manuf"
"22602",4789,3886,-0.208941270405225,13.0274548204767,"1999-2011","manuf"
"22700",45075,34885,-0.256270831698181,8.27373946805156,"1999-2011","manuf"
"22800",31427,27671,-0.127282462677146,59.9249205901359,"1999-2011","manuf"
"22900",21149,14674,-0.36551540275881,18.0261264933039,"1999-2011","manuf"
"2300",27005,18873,-0.358289704788852,20.7268538226188,"1999-2011","manuf"
"23000",10651,8586,-0.21552081465866,31.3102840700019,"1999-2011","manuf"
"23100",44624,37868,-0.164165402618488,11.8426855029613,"1999-2011","manuf"
"23200",20002,13503,-0.392920385575419,10.0404296466223,"1999-2011","manuf"
"23301",12005,6768,-0.573117607369294,14.4916824316282,"1999-2011","manuf"
"23302",14055,9760,-0.364685803933494,10.7722356796311,"1999-2011","manuf"
"23400",14938,9589,-0.443291693763332,11.1486436987622,"1999-2011","manuf"
"23500",27404,21561,-0.239802860986238,14.0541758802922,"1999-2011","manuf"
"23600",20748,12333,-0.520171259905304,15.5526583139626,"1999-2011","manuf"
"23700",9397,5415,-0.551217608947974,24.3524295234487,"1999-2011","manuf"
"23801",28974,25060,-0.145125926651538,13.20953654771,"1999-2011","manuf"
"23802",6880,5564,-0.212301377884055,9.09464268082441,"1999-2011","manuf"
"23900",37292,28418,-0.271756079218562,12.7405204277563,"1999-2011","manuf"
"2400",61047,31919,-0.648442615530097,10.4505339020803,"1999-2011","manuf"
"24000",63432,39544,-0.472554489965439,13.1625620565941,"1999-2011","manuf"
"24100",193730,133219,-0.374471046522418,13.0437651150653,"1999-2011","manuf"
"24200",9109,6352,-0.360493211817838,6.83239194455182,"1999-2011","manuf"
"24300",582749,348146,-0.515134629890714,20.6023261322238,"1999-2011","manuf"
"24400",81878,49438,-0.504510975248763,11.4834869405014,"1999-2011","manuf"
"24500",4734,2587,-0.6042716078879,20.8746216614193,"1999-2011","manuf"
"24600",12204,8693,-0.339245662757497,21.1638411081498,"1999-2011","manuf"
"24701",169360,91852,-0.611848040769987,9.71696689339072,"1999-2011","manuf"
"24702",4091,2519,-0.484927441576787,14.4646106907825,"1999-2011","manuf"
"24801",6183,4754,-0.262817221638429,3.4438082568826,"1999-2011","manuf"
"24802",9237,5606,-0.499379704867877,15.0584556799899,"1999-2011","manuf"
"24900",20461,17260,-0.170128949529142,10.2620574219848,"1999-2011","manuf"
"2500",42814,33280,-0.251908535952023,24.5819209186814,"1999-2011","manuf"
"25000",12992,8949,-0.3727919892186,25.5400939393474,"1999-2011","manuf"
"25101",5820,3896,-0.401349875963058,19.7121083082296,"1999-2011","manuf"
"25102",7360,4883,-0.410300147661262,21.3229614073184,"1999-2011","manuf"
"25103",7792,6995,-0.10790195822279,7.13434646409843,"1999-2011","manuf"
"25104",4095,1729,-0.862223510603878,18.4033172678213,"1999-2011","manuf"
"25105",5446,4575,-0.174274695524083,11.266288391484,"1999-2011","manuf"
"25200",14922,10236,-0.37692571575178,7.28955270244005,"1999-2011","manuf"
"25300",16767,9484,-0.569806500752511,14.6426630638804,"1999-2011","manuf"
"25401",10003,8804,-0.127678884338827,21.7576234896226,"1999-2011","manuf"
"25402",3145,3604,0.136230449593688,20.8102793223637,"1999-2011","manuf"
"25500",12318,10659,-0.144657001557851,11.1201606644326,"1999-2011","manuf"
"25601",12818,7955,-0.477049771292284,16.3208095300799,"1999-2011","manuf"
"25602",945,695,-0.307273081928951,22.2454905142657,"1999-2011","manuf"
"25701",18706,13410,-0.332843630718774,17.6334646344942,"1999-2011","manuf"
"25702",6905,4413,-0.447691056573845,14.9166357138087,"1999-2011","manuf"
"25800",10778,6800,-0.460584407329245,11.6790891779609,"1999-2011","manuf"
"25900",24508,14858,-0.500461154133793,19.5128912034686,"1999-2011","manuf"
"2600",10890,7040,-0.436236766774918,9.31672181616437,"1999-2011","manuf"
"26001",6025,6185,0.0262095264677331,6.46590047910871,"1999-2011","manuf"
"26002",10963,8485,-0.256226068006212,10.9810082391578,"1999-2011","manuf"
"26003",80,90,0.117783035656384,9.99168787899645,"1999-2011","manuf"
"26004",1991,1049,-0.640799695667899,1.85683550150296,"1999-2011","manuf"
"26101",5227,2389,-0.782962631387113,17.402239948276,"1999-2011","manuf"
"26102",4121,2775,-0.395445105158282,10.2297124591715,"1999-2011","manuf"
"26103",3260,1380,-0.859643696209504,9.68246714271296,"1999-2011","manuf"
"26104",1045,670,-0.4444944520139,6.22857394797835,"1999-2011","manuf"
"26105",1920,1910,-0.00522194398115161,4.19016950316968,"1999-2011","manuf"
"26106",2058,1565,-0.273848813419741,10.5603401981611,"1999-2011","manuf"
"26107",1905,1140,-0.51345374617226,25.8128234157743,"1999-2011","manuf"
"26201",2531,2066,-0.20300011086554,13.4878107934305,"1999-2011","manuf"
"26202",70,90,0.251314428280906,1.79788248301855,"1999-2011","manuf"
"26203",180,160,-0.117783035656384,10.4449660068225,"1999-2011","manuf"
"26204",20,30,0.405465108108165,1.520378757475,"1999-2011","manuf"
"26301",560,545,-0.0271509890659507,9.71665104974778,"1999-2011","manuf"
"26302",495,415,-0.176279242337992,0.951573048920838,"1999-2011","manuf"
"26303",590,365,-0.480225183317273,16.1877827639659,"1999-2011","manuf"
"26304",1174,1343,0.134489196135195,10.8520596099157,"1999-2011","manuf"
"26305",130,270,0.730887508542793,8.59888055403891,"1999-2011","manuf"
"26401",10,20,0.693147180559945,8.63725479114388,"1999-2011","manuf"
"26402",30,30,0,1.90907795642785,"1999-2011","manuf"
"26403",70,60,-0.154150679827259,8.86951089152357,"1999-2011","manuf"
"26404",245,120,-0.713766467762682,34.0083955595047,"1999-2011","manuf"
"26405",30,10,-1.09861228866811,7.17195776789664,"1999-2011","manuf"
"26406",150,20,-2.01490302054226,11.2004979975659,"1999-2011","manuf"
"26407",60,30,-0.693147180559945,11.7783311404891,"1999-2011","manuf"
"26408",160,90,-0.575364144903562,5.01523046634485,"1999-2011","manuf"
"26409",100,90,-0.105360515657827,14.0883006131845,"1999-2011","manuf"
"26410",1014,1767,0.555380288168568,35.3924641383881,"1999-2011","manuf"
"26411",660,920,0.332133835022615,19.9137440678577,"1999-2011","manuf"
"26412",269,344,0.245930277771559,13.4167646508984,"1999-2011","manuf"
"26501",5325,4905,-0.0821576185781634,23.4459235252087,"1999-2011","manuf"
"26502",1525,850,-0.58451333955715,13.4959115351209,"1999-2011","manuf"
"26503",16054,14646,-0.0917907790705073,66.2495980260457,"1999-2011","manuf"
"26504",5035,4607,-0.088836640216746,15.4977800253408,"1999-2011","manuf"
"26601",740,735,-0.00677968698537867,5.79627084160919,"1999-2011","manuf"
"26602",900,1010,0.115310846510994,18.6752331737349,"1999-2011","manuf"
"26604",100,160,0.470003629245735,1.29485964956767,"1999-2011","manuf"
"26605",2879,3291,0.133748458331163,14.7957108383882,"1999-2011","manuf"
"26701",5082,4912,-0.0340236940531309,9.93886508275872,"1999-2011","manuf"
"26702",1920,1495,-0.250198979197041,6.86812220381428,"1999-2011","manuf"
"26703",3070,1185,-0.951934787012013,11.319333525632,"1999-2011","manuf"
"26704",4437,4665,0.0501093619025337,6.7146841983757,"1999-2011","manuf"
"26801",11268,11913,0.0556633908030975,10.1127400490497,"1999-2011","manuf"
"26802",2260,2600,0.140146631743242,16.3489603139972,"1999-2011","manuf"
"26803",2475,1672,-0.392219881358144,10.6064821874249,"1999-2011","manuf"
"26804",150,160,0.0645385211375711,18.1665657318692,"1999-2011","manuf"
"26901",8088,8979,0.104507035820502,7.71478541072882,"1999-2011","manuf"
"26902",5308,4036,-0.2739610139786,7.95743864865616,"1999-2011","manuf"
"2700",30307,26551,-0.132311297173832,7.34955055148321,"1999-2011","manuf"
"27001",241,300,0.218985541165546,8.33305140355703,"1999-2011","manuf"
"27002",230,300,0.265703165733005,10.1094523207995,"1999-2011","manuf"
"27003",70,90,0.251314428280906,9.87474264358327,"1999-2011","manuf"
"27004",160,210,0.271933715483642,0.195871002005174,"1999-2011","manuf"
"27005",3798,3800,0.000526454342246296,18.1644081888139,"1999-2011","manuf"
"27006",2583,2269,-0.129612308315999,7.25980351998959,"1999-2011","manuf"
"27007",1560,2755,0.568731621343431,9.24027241094255,"1999-2011","manuf"
"27008",866,572,-0.414745917182637,14.346410666305,"1999-2011","manuf"
"27009",40,50,0.22314355131421,18.1191522154313,"1999-2011","manuf"
"27010",60,110,0.606135803570316,5.50266455393084,"1999-2011","manuf"
"27011",190,160,-0.17185025692666,18.6182420245501,"1999-2011","manuf"
"27012",120,90,-0.287682072451781,3.08047921264687,"1999-2011","manuf"
"27101",7523,6164,-0.199239077120215,23.6452503311296,"1999-2011","manuf"
"27102",3542,3615,0.0204003162500861,9.38290620867775,"1999-2011","manuf"
"27201",6646,7224,0.083393646182282,23.1465968184132,"1999-2011","manuf"
"27202",5469,6517,0.175318362985609,8.32473954246559,"1999-2011","manuf"
"27301",6061,4940,-0.204509471769317,14.4510509181294,"1999-2011","manuf"
"27302",4682,4304,-0.084180546209236,19.6891231945133,"1999-2011","manuf"
"27401",4994,5388,0.0759370666905372,5.00705958913826,"1999-2011","manuf"
"27402",9299,6703,-0.327351680120239,23.247287677513,"1999-2011","manuf"
"27501",31430,24318,-0.256546033935251,10.3100770925639,"1999-2011","manuf"
"27502",2880,3135,0.0848388799370294,11.8480773724845,"1999-2011","manuf"
"27503",1865,1717,-0.0826824711804397,14.2718407050129,"1999-2011","manuf"
"27504",4286,4647,0.080867953051456,7.60815089361362,"1999-2011","manuf"
"27601",6864,3749,-0.604801224431885,18.6284266876287,"1999-2011","manuf"
"27602",20,30,0.405465108108165,1.26610979651378,"1999-2011","manuf"
"27603",235,100,-0.854415328156067,2.63848769645686,"1999-2011","manuf"
"27701",2131,1663,-0.247968152905689,9.32964488344236,"1999-2011","manuf"
"27702",2687,2469,-0.0846121192703118,20.6581231164377,"1999-2011","manuf"
"27703",485,465,-0.0421114853501274,9.07557833425044,"1999-2011","manuf"
"27704",50,60,0.182321556793954,6.54169046398353,"1999-2011","manuf"
"27801",5163,4797,-0.0735270833775861,11.3504501595136,"1999-2011","manuf"
"27802",8493,8482,-0.00129602374547311,10.7237680527622,"1999-2011","manuf"
"27901",4699,2991,-0.451741940472868,8.67967959208574,"1999-2011","manuf"
"27902",1563,1139,-0.316456366974295,14.3025951732509,"1999-2011","manuf"
"27903",8181,9271,0.125076856093283,9.19936339728311,"1999-2011","manuf"
"2800",13596,9365,-0.372796295937817,15.4270633152909,"1999-2011","manuf"
"28001",26004,16147,-0.476516098442739,78.1383330020843,"1999-2011","manuf"
"28002",1645,781,-0.744920513359786,5.27243501769614,"1999-2011","manuf"
"28101",24513,18227,-0.296299577827885,12.8300996164233,"1999-2011","manuf"
"28102",2570,3445,0.293018005558493,11.6692634515459,"1999-2011","manuf"
"28201",5593,3033,-0.611963587133006,11.5064551264166,"1999-2011","manuf"
"28202",42494,34608,-0.205278020282744,13.9524223885462,"1999-2011","manuf"
"28301",800,860,0.0723206615796261,9.81132825605001,"1999-2011","manuf"
"28302",525,525,0,22.2460647988957,"1999-2011","manuf"
"28304",90,90,0,10.2423617519542,"1999-2011","manuf"
"28305",525,555,0.0555698511548108,12.9326312274265,"1999-2011","manuf"
"28306",428,430,0.00466201310581127,7.27726578534446,"1999-2011","manuf"
"28401",24415,12122,-0.70017571398453,42.7034840066518,"1999-2011","manuf"
"28402",70,20,-1.25276296849537,0.354045029681014,"1999-2011","manuf"
"28501",80,20,-1.38629436111989,2.21702242151418,"1999-2011","manuf"
"28502",6057,5904,-0.0255845407006383,9.15511633223767,"1999-2011","manuf"
"28503",230,158,-0.375484275896229,16.6373548448583,"1999-2011","manuf"
"28504",130,150,0.143100843640673,5.0874701089793,"1999-2011","manuf"
"28601",90,60,-0.405465108108165,6.24465709213146,"1999-2011","manuf"
"28602",265,255,-0.0384662808277962,8.75678142394093,"1999-2011","manuf"
"28603",700,375,-0.624154309072994,3.84944721449268,"1999-2011","manuf"
"28604",220,370,0.519875459285908,12.8538220434222,"1999-2011","manuf"
"28605",100,90,-0.105360515657827,9.47065225167213,"1999-2011","manuf"
"28606",30,70,0.847297860387204,6.7729672660791,"1999-2011","manuf"
"28607",657,565,-0.150858287338169,15.9143329919406,"1999-2011","manuf"
"28608",5031,4329,-0.150282203049338,7.52562543302049,"1999-2011","manuf"
"28609",6665,5582,-0.177322818516542,7.09420307533724,"1999-2011","manuf"
"28701",340,270,-0.230523658611832,9.02149154381087,"1999-2011","manuf"
"28702",1399,1160,-0.187337690565071,13.0788175250408,"1999-2011","manuf"
"28703",80,190,0.864997437486605,16.0562977803141,"1999-2011","manuf"
"28704",903,555,-0.486754439670551,26.7988554664284,"1999-2011","manuf"
"28800",27703,24920,-0.105870016658764,17.2172957589686,"1999-2011","manuf"
"28900",106027,73648,-0.364396791583451,29.7877469533371,"1999-2011","manuf"
"2900",9420,7597,-0.215081656067188,13.1561061537469,"1999-2011","manuf"
"29001",355,250,-0.35065687161317,7.39109413040925,"1999-2011","manuf"
"29002",80,70,-0.133531392624522,11.9607964168805,"1999-2011","manuf"
"29003",4575,8357,0.602492812291814,2.08292513979274,"1999-2011","manuf"
"29004",2533,1892,-0.291769900389852,16.1482995449434,"1999-2011","manuf"
"29005",6219,5086,-0.201117455121823,9.96506882332337,"1999-2011","manuf"
"29006",1740,1164,-0.402022763917192,11.4553440667428,"1999-2011","manuf"
"29007",325,210,-0.436717651612269,6.49411852119938,"1999-2011","manuf"
"29008",60,70,0.154150679827259,10.0881548041141,"1999-2011","manuf"
"29101",870,635,-0.314868212755938,7.05200820794458,"1999-2011","manuf"
"29102",555,525,-0.0555698511548108,15.5783690827109,"1999-2011","manuf"
"29103",595,535,-0.106294658649624,15.2774778641719,"1999-2011","manuf"
"29104",8200,7088,-0.145730940967427,15.4196667718938,"1999-2011","manuf"
"29201",1678,1516,-0.101527320824834,19.1288090578591,"1999-2011","manuf"
"29202",1180,1410,0.178075265912504,6.632786564981,"1999-2011","manuf"
"29203",5199,5017,-0.035634153899462,8.90319266124232,"1999-2011","manuf"
"29204",13215,11625,-0.128194596582833,15.9839895089609,"1999-2011","manuf"
"29301",67068,47401,-0.347063704550656,8.15812699272948,"1999-2011","manuf"
"29302",8195,8537,0.0408854458323766,11.9992208733389,"1999-2011","manuf"
"29303",4662,3927,-0.171568765017692,6.31242870537298,"1999-2011","manuf"
"29401",3974,3509,-0.124442047528547,22.5169884605051,"1999-2011","manuf"
"29402",7582,3033,-0.916224788387698,4.83455342479747,"1999-2011","manuf"
"29403",13791,9925,-0.328959378918945,12.1313634063684,"1999-2011","manuf"
"29501",2943,2470,-0.17521131861145,15.2826972237039,"1999-2011","manuf"
"29502",100220,79450,-0.232239876548853,12.0435285464207,"1999-2011","manuf"
"29503",9983,14231,0.354539037347235,11.5296526225688,"1999-2011","manuf"
"29504",8945,6268,-0.355637392466909,13.7850179476519,"1999-2011","manuf"
"29505",2261,2115,-0.0667523807975918,11.8144474202467,"1999-2011","manuf"
"29506",795,315,-0.925769475828699,20.8973246140835,"1999-2011","manuf"
"29601",17096,11800,-0.370744986545228,17.5216524171664,"1999-2011","manuf"
"29602",4007,2388,-0.517586636123652,15.0255520968052,"1999-2011","manuf"
"29700",34448,22797,-0.412821992266249,12.9651951765991,"1999-2011","manuf"
"29800",10501,7751,-0.303648623424483,28.9589106810118,"1999-2011","manuf"
"29901",27003,21842,-0.212113249167521,14.6805656392316,"1999-2011","manuf"
"29902",5220,2544,-0.718759756416672,17.2555774531537,"1999-2011","manuf"
"30000",15858,12942,-0.203196268215132,9.7738496475116,"1999-2011","manuf"
"3001",3760,1255,-1.09728338481806,11.0078018912737,"1999-2011","manuf"
"3002",3871,1380,-1.0314293724264,11.6164805672577,"1999-2011","manuf"
"3003",30600,25567,-0.179697551528578,10.8332947909428,"1999-2011","manuf"
"301",4977,3395,-0.382523538865758,17.8799214516682,"1999-2011","manuf"
"30100",35715,24451,-0.378899653726927,16.6316562868567,"1999-2011","manuf"
"302",51526,36701,-0.339282531996822,17.9219484372698,"1999-2011","manuf"
"30200",7859,5913,-0.284506055045346,7.04062764297283,"1999-2011","manuf"
"30300",34879,30580,-0.131538728404108,8.66505600246437,"1999-2011","manuf"
"30401",5699,3936,-0.370125741662857,25.645790292467,"1999-2011","manuf"
"30402",67632,56048,-0.187872777369304,12.7784370835494,"1999-2011","manuf"
"30403",1542,1800,0.154706389760982,16.6469815483655,"1999-2011","manuf"
"30501",563,529,-0.0622911962813912,14.864166935644,"1999-2011","manuf"
"30502",3018,3777,0.224335683384663,9.03162997339949,"1999-2011","manuf"
"30601",37128,17407,-0.757498977768304,28.7440797805659,"1999-2011","manuf"
"30602",857,430,-0.689652709910172,38.4698100632708,"1999-2011","manuf"
"30603",90,160,0.575364144903562,7.1376156387646,"1999-2011","manuf"
"30604",1430,1051,-0.307932352377001,8.12128840532366,"1999-2011","manuf"
"30605",70,10,-1.94591014905531,11.6611254426166,"1999-2011","manuf"
"30701",3963,2950,-0.29519614385657,9.31054288700143,"1999-2011","manuf"
"30702",10,30,1.09861228866811,19.7433710706822,"1999-2011","manuf"
"30801",1205,1183,-0.0184259819463684,16.0448795067704,"1999-2011","manuf"
"30802",7478,5863,-0.243303958572843,10.2339992961056,"1999-2011","manuf"
"30901",2496,3108,0.219289981998219,3.47137819306023,"1999-2011","manuf"
"30902",1045,1235,0.167054084663167,6.64965885774158,"1999-2011","manuf"
"30903",14714,10382,-0.348725884105034,11.2083899887153,"1999-2011","manuf"
"30904",2966,3031,0.0216783543599259,18.3738048303653,"1999-2011","manuf"
"30905",120,40,-1.09861228866811,29.9107967848972,"1999-2011","manuf"
"30906",160,130,-0.207639364778244,24.0514058873894,"1999-2011","manuf"
"30907",70,10,-1.94591014905531,12.6287906892475,"1999-2011","manuf"
"30908",2870,2885,0.00521287018853389,3.23469127896872,"1999-2011","manuf"
"31001",5895,4311,-0.312934638224336,1.06793902880485,"1999-2011","manuf"
"31002",325,220,-0.390197635977375,11.1587313564508,"1999-2011","manuf"
"31003",120,140,0.154150679827258,4.16482430641368,"1999-2011","manuf"
"31004",4100,4000,-0.0246926125903713,1.18149134214458,"1999-2011","manuf"
"31005",260,475,0.602633173019114,2.95929281293121,"1999-2011","manuf"
"31006",2280,1906,-0.179168637734339,1.56262813519253,"1999-2011","manuf"
"31007",2447,4345,0.574162974256821,2.06135449236652,"1999-2011","manuf"
"3101",7823,4381,-0.579791103871182,12.6003287157068,"1999-2011","manuf"
"3102",2962,2116,-0.336337201849554,12.789442416967,"1999-2011","manuf"
"31101",13616,9403,-0.370216784536078,19.1644024531234,"1999-2011","manuf"
"31102",2014,2771,0.319085471584471,10.8790555228373,"1999-2011","manuf"
"31103",838,1531,0.602658295175601,5.54920457304049,"1999-2011","manuf"
"31201",73405,39491,-0.619919255346936,50.3434699586381,"1999-2011","manuf"
"31202",968,1165,0.185244278723224,9.73307824235007,"1999-2011","manuf"
"31301",54784,44933,-0.198225689134322,22.3147092851098,"1999-2011","manuf"
"31302",715,370,-0.658779537055738,8.53838185086503,"1999-2011","manuf"
"31303",2301,1192,-0.657711242410071,11.1715405685325,"1999-2011","manuf"
"31304",50,100,0.693147180559946,20.4447057664514,"1999-2011","manuf"
"31401",6177,7069,0.134886310475055,15.5201473167008,"1999-2011","manuf"
"31402",870,50,-2.85647020622048,7.46285940468231,"1999-2011","manuf"
"31403",160,60,-0.980829253011726,3.23091760687697,"1999-2011","manuf"
"31404",80,170,0.753771802376381,8.29079690193886,"1999-2011","manuf"
"31501",495,425,-0.152468593644273,6.89984752969528,"1999-2011","manuf"
"31502",110,100,-0.0953101798043248,5.86066262485212,"1999-2011","manuf"
"31503",1728,1052,-0.496271556066345,42.9487441230812,"1999-2011","manuf"
"31600",25741,11559,-0.800620697140058,25.3311729975425,"1999-2011","manuf"
"31700",13251,10876,-0.197514494512275,10.0501101396354,"1999-2011","manuf"
"31800",8236,7488,-0.0952130499902513,6.86920172379515,"1999-2011","manuf"
"31900",18237,13975,-0.266182478393533,16.9441524648384,"1999-2011","manuf"
"32000",193415,193120,-0.00152638212464673,22.1954058596851,"1999-2011","manuf"
"3201",990,160,-1.82253112789481,27.7225393035758,"1999-2011","manuf"
"3202",2570,735,-1.25179067867643,7.85547415165372,"1999-2011","manuf"
"3203",6337,3278,-0.659171990019743,9.58432769555397,"1999-2011","manuf"
"32100",27549,26049,-0.0559868575528775,8.7892131599862,"1999-2011","manuf"
"32201",8527,6600,-0.256167950727532,5.83687747934076,"1999-2011","manuf"
"32202",7095,6702,-0.0569843212968877,7.28569768077217,"1999-2011","manuf"
"32301",4591,3756,-0.200743303921069,15.6118886041405,"1999-2011","manuf"
"32302",1738,1135,-0.426102375909834,8.90695235140253,"1999-2011","manuf"
"32303",325,120,-0.996333439547691,7.10335708142039,"1999-2011","manuf"
"32304",1090,760,-0.360614541942812,21.5818200513995,"1999-2011","manuf"
"32305",465,525,0.121360857004268,12.4253194825193,"1999-2011","manuf"
"32306",1238,415,-1.09297393301384,38.5761933496102,"1999-2011","manuf"
"32401",1688,838,-0.70028157467382,11.9747827932323,"1999-2011","manuf"
"32402",1100,895,-0.206241740511606,9.99839338431316,"1999-2011","manuf"
"32403",567,290,-0.670478380747232,31.9908161373946,"1999-2011","manuf"
"32501",6067,3949,-0.429401866655647,16.9440937784438,"1999-2011","manuf"
"32502",20,20,0,23.4976503943459,"1999-2011","manuf"
"32503",60,30,-0.693147180559945,13.0467726079708,"1999-2011","manuf"
"32601",10035,5185,-0.660309140566811,10.5536280889728,"1999-2011","manuf"
"32602",970,1040,0.0696799206379897,14.2904274480279,"1999-2011","manuf"
"32603",80,90,0.117783035656384,1.83144469381776,"1999-2011","manuf"
"32604",1330,1215,-0.0904348654411509,9.7080577987021,"1999-2011","manuf"
"32701",4555,3004,-0.416280796810032,17.6959987969108,"1999-2011","manuf"
"32702",2600,3230,0.216970692207129,13.5124593621573,"1999-2011","manuf"
"32801",19520,16186,-0.187292909911436,8.65173173630448,"1999-2011","manuf"
"32802",4406,4884,0.102997307868305,11.6949038710687,"1999-2011","manuf"
"32900",9994,6968,-0.36065667337181,10.3809453101686,"1999-2011","manuf"
"3300",49716,33912,-0.382557878832928,9.35075859973163,"1999-2011","manuf"
"33000",109306,84463,-0.257837719813166,12.7977720514254,"1999-2011","manuf"
"33100",220084,142841,-0.432277168118324,27.0497683922674,"1999-2011","manuf"
"33200",15506,12517,-0.214139325450882,8.02176004383444,"1999-2011","manuf"
"33300",20523,15668,-0.269925792643386,11.5112133240219,"1999-2011","manuf"
"33400",21366,15913,-0.294664488295648,17.6064987499532,"1999-2011","manuf"
"33500",18261,16781,-0.0845203441608735,7.42559927993928,"1999-2011","manuf"
"33601",5545,6026,0.0831868199057784,19.3580776279334,"1999-2011","manuf"
"33602",1570,1290,-0.196433400986636,17.0740153376368,"1999-2011","manuf"
"33603",495,405,-0.200670695462152,20.0577364321296,"1999-2011","manuf"
"33700",7829,6588,-0.172584975610384,11.9947378186008,"1999-2011","manuf"
"33801",1779,1950,0.0917779638919578,9.21953442893539,"1999-2011","manuf"
"33802",3600,1830,-0.676617878608734,15.3364702794923,"1999-2011","manuf"
"33803",56591,34756,-0.487497742987944,27.6221947174495,"1999-2011","manuf"
"33901",3191,1787,-0.579796111118816,19.4199417349283,"1999-2011","manuf"
"33902",13670,9359,-0.378865203560739,18.2062416596675,"1999-2011","manuf"
"3400",13645,12316,-0.102473924098048,6.06849089763879,"1999-2011","manuf"
"34001",21125,14036,-0.40883171552227,14.8207569266357,"1999-2011","manuf"
"34002",8751,7069,-0.213448952364878,7.2602652833108,"1999-2011","manuf"
"34101",1750,1750,0,7.41100908117355,"1999-2011","manuf"
"34102",3690,4608,0.222167465341155,9.10043443022171,"1999-2011","manuf"
"34103",405,275,-0.387115969439967,7.47588405267603,"1999-2011","manuf"
"34104",185,375,0.706570200892086,7.1236459529459,"1999-2011","manuf"
"34106",10,70,1.94591014905531,24.2680380255297,"1999-2011","manuf"
"34107",130,192,0.389960921572199,10.6061621789484,"1999-2011","manuf"
"34108",1566,1775,0.125275825358768,7.52457662003058,"1999-2011","manuf"
"34109",298,350,0.160839667978054,8.69871906584688,"1999-2011","manuf"
"34110",595,571,-0.0411721958896196,6.26602556112955,"1999-2011","manuf"
"34111",790,566,-0.333438867257884,4.79662255752728,"1999-2011","manuf"
"34112",235,80,-1.07755887947028,7.41100908117354,"1999-2011","manuf"
"34113",40,20,-0.693147180559945,6.27827734502958,"1999-2011","manuf"
"34114",3760,3283,-0.135661318882347,7.3922988773087,"1999-2011","manuf"
"34115",653,723,0.101832092882334,11.2230136112167,"1999-2011","manuf"
"34201",150,100,-0.405465108108164,11.815302495091,"1999-2011","manuf"
"34202",270,160,-0.523248143764548,6.26526261584805,"1999-2011","manuf"
"34203",1346,1329,-0.0127104514914276,9.86431369889024,"1999-2011","manuf"
"34204",390,545,0.334639055539552,11.4867628282767,"1999-2011","manuf"
"34301",1099,878,-0.224509360768504,6.49140414702784,"1999-2011","manuf"
"34302",405,600,0.393042588109608,4.12843258805688,"1999-2011","manuf"
"34303",693,480,-0.367243895287967,73.899883306946,"1999-2011","manuf"
"34304",596,486,-0.204032043164856,10.4501663521058,"1999-2011","manuf"
"34305",180,150,-0.182321556793955,5.57818191465472,"1999-2011","manuf"
"34306",10,10,0,6.00847327589026,"1999-2011","manuf"
"34307",100,40,-0.916290731874156,5.15455384203693,"1999-2011","manuf"
"34308",3930,4353,0.102225836688991,12.0684240800205,"1999-2011","manuf"
"34309",10,40,1.38629436111989,23.3740098613077,"1999-2011","manuf"
"34401",110,150,0.310154928303839,22.1277264859253,"1999-2011","manuf"
"34402",3908,3500,-0.110262765685169,27.4143009675937,"1999-2011","manuf"
"34403",1353,1421,0.0490364999263129,8.17940849433398,"1999-2011","manuf"
"34404",1171,1122,-0.0427452775150758,6.5982462141857,"1999-2011","manuf"
"34501",406,345,-0.162808742570372,5.29054932051736,"1999-2011","manuf"
"34502",950,257,-1.30738589969937,6.67053337838,"1999-2011","manuf"
"34503",5718,3685,-0.43934856825882,10.931207139758,"1999-2011","manuf"
"34504",4753,2885,-0.499251097671809,10.0147668866138,"1999-2011","manuf"
"34601",705,1080,0.426518517305997,7.28119949277306,"1999-2011","manuf"
"34602",365,434,0.173147180517914,44.4309578742862,"1999-2011","manuf"
"34603",2067,2263,0.0905930859517694,11.0783616707997,"1999-2011","manuf"
"34604",20,10,-0.693147180559945,4.19410385975717,"1999-2011","manuf"
"34701",11349,9797,-0.147053417956498,15.3141942450584,"1999-2011","manuf"
"34702",578,313,-0.613370678132225,4.89845523588218,"1999-2011","manuf"
"34703",1983,1185,-0.514868074950565,6.99351027827277,"1999-2011","manuf"
"34801",690,272,-0.930889531295307,4.40187326674606,"1999-2011","manuf"
"34802",2476,1628,-0.419292087242002,20.5570676751514,"1999-2011","manuf"
"34803",190,90,-0.747214401830221,4.81911511986268,"1999-2011","manuf"
"34804",40,20,-0.693147180559945,3.02445701607553,"1999-2011","manuf"
"34805",788,468,-0.521029793940232,7.14096672179078,"1999-2011","manuf"
"34901",26937,17012,-0.459581828815393,24.3262703498987,"1999-2011","manuf"
"34902",190,200,0.0512932943875501,21.1238806830103,"1999-2011","manuf"
"3500",31990,27945,-0.135185061239765,12.3151139473856,"1999-2011","manuf"
"35001",153329,98815,-0.439336524453722,20.3883953296347,"1999-2011","manuf"
"35002",335,285,-0.161641351556415,4.60436536511898,"1999-2011","manuf"
"35100",30474,33021,0.0802698616622006,15.4063210607891,"1999-2011","manuf"
"35201",6782,4978,-0.309243839758047,12.5794925577258,"1999-2011","manuf"
"35202",167,151,-0.100713975601831,18.1845152389019,"1999-2011","manuf"
"35300",3154,2522,-0.223619250998119,9.83405055874663,"1999-2011","manuf"
"35401",7722,8787,0.129199958671661,14.8036938708816,"1999-2011","manuf"
"35402",871,756,-0.14160060067297,14.1310054026125,"1999-2011","manuf"
"35500",2471,1534,-0.476744224061409,11.5097415391709,"1999-2011","manuf"
"35600",1862,1368,-0.308301359654517,7.53877319055108,"1999-2011","manuf"
"35701",5976,5665,-0.0534445533505465,8.49261998623332,"1999-2011","manuf"
"35702",3872,2430,-0.465879912061874,6.67272411836898,"1999-2011","manuf"
"35801",32017,28139,-0.129110497284302,43.5854689665842,"1999-2011","manuf"
"35802",3727,2392,-0.443473784408736,6.04479720197983,"1999-2011","manuf"
"35803",240,220,-0.0870113769896292,7.08852184236098,"1999-2011","manuf"
"35901",4527,3913,-0.145755125225547,12.0081864833045,"1999-2011","manuf"
"35902",1300,1561,0.182962377065804,6.00119335928384,"1999-2011","manuf"
"35903",90,50,-0.587786664902119,26.1241146538244,"1999-2011","manuf"
"35904",870,380,-0.828321958928198,4.02651058434786,"1999-2011","manuf"
"35905",80,40,-0.693147180559945,32.2606027744262,"1999-2011","manuf"
"3600",4955,4886,-0.014023194946402,13.2026297135444,"1999-2011","manuf"
"36000",17686,16641,-0.0609038364123364,13.5810351228925,"1999-2011","manuf"
"36100",85922,71855,-0.178789708430839,23.8712575153395,"1999-2011","manuf"
"36200",21026,20686,-0.0163026241980262,15.0137915514146,"1999-2011","manuf"
"36301",14906,10907,-0.312359031512896,12.8376199073521,"1999-2011","manuf"
"36302",180,140,-0.251314428280907,22.088501504815,"1999-2011","manuf"
"36303",443,604,0.310004427889679,12.944686251609,"1999-2011","manuf"
"36401",564,395,-0.356168486596937,16.1159430255913,"1999-2011","manuf"
"36402",460,582,0.235243958248297,23.965042792407,"1999-2011","manuf"
"36403",820,940,0.136575535005751,12.008116622819,"1999-2011","manuf"
"36404",2454,3228,0.274143404118983,12.3401047980773,"1999-2011","manuf"
"36501",5007,2407,-0.732455774546874,8.33450173588291,"1999-2011","manuf"
"36502",735,40,-2.9109910450989,8.71246943682078,"1999-2011","manuf"
"36503",495,190,-0.957533690408204,2.20078456675902,"1999-2011","manuf"
"36600",6916,4099,-0.523094526298843,5.73228572519006,"1999-2011","manuf"
"36700",5970,2687,-0.798321597771157,6.56928713353715,"1999-2011","manuf"
"36800",11501,7866,-0.379884314100826,18.259288240633,"1999-2011","manuf"
"36901",1250,705,-0.572701027484078,6.25677357750654,"1999-2011","manuf"
"36902",8663,6278,-0.322009624488242,9.31593660661409,"1999-2011","manuf"
"3700",14520,11212,-0.258542376094107,12.4462096498162,"1999-2011","manuf"
"37000",33899,30989,-0.0897532126209235,7.25697961755802,"1999-2011","manuf"
"37100",13818,12144,-0.12913686941333,7.26599263578715,"1999-2011","manuf"
"37200",48706,43418,-0.114928124118499,9.82968830926317,"1999-2011","manuf"
"37300",9940,7881,-0.232112221296971,9.03542514156261,"1999-2011","manuf"
"37400",83172,58245,-0.356252500872108,34.4846197824487,"1999-2011","manuf"
"37500",257591,102671,-0.919843354524708,60.6712307207219,"1999-2011","manuf"
"37601",380,330,-0.141078598259906,9.22032573307264,"1999-2011","manuf"
"37602",445,565,0.238751448980201,6.55729263527364,"1999-2011","manuf"
"37603",1184,670,-0.569376103058939,8.41739707766572,"1999-2011","manuf"
"37604",20238,19996,-0.012029771756243,15.7352764499834,"1999-2011","manuf"
"37700",31950,21410,-0.400314078221953,16.9091728491271,"1999-2011","manuf"
"37800",189980,130090,-0.378692284848569,20.384674784655,"1999-2011","manuf"
"37901",23858,23087,-0.0328499023095663,14.5035621032617,"1999-2011","manuf"
"37902",10,10,0,-0.297669533963871,"1999-2011","manuf"
"37903",455,415,-0.0920188987202524,11.1657462300327,"1999-2011","manuf"
"3800",20171,20663,0.0240987319622707,14.0175202988701,"1999-2011","manuf"
"38000",117098,94733,-0.211948782698656,36.0212595177635,"1999-2011","manuf"
"38100",4659,7455,0.470084115382042,10.902909020474,"1999-2011","manuf"
"38200",24579,18968,-0.259139071064682,27.1234584942341,"1999-2011","manuf"
"38300",1000056,622530,-0.474019457465483,21.743198501513,"1999-2011","manuf"
"38401",5495,5439,-0.0102433674147626,6.50896959143659,"1999-2011","manuf"
"38402",1060,2373,0.805886069329651,10.4901546841655,"1999-2011","manuf"
"38501",6176,5523,-0.111749621803424,7.44567055011523,"1999-2011","manuf"
"38502",3286,2381,-0.322150452110351,9.3503924962947,"1999-2011","manuf"
"38601",29519,22179,-0.285888228576663,33.0204919012651,"1999-2011","manuf"
"38602",2540,1977,-0.250583536841965,8.0941708090991,"1999-2011","manuf"
"38700",14716,11324,-0.262010969992875,7.77433641884488,"1999-2011","manuf"
"38801",132787,90410,-0.384391459935101,30.6673616094268,"1999-2011","manuf"
"38802",3457,2417,-0.357874059218141,16.7746958592482,"1999-2011","manuf"
"38901",64326,40165,-0.470967934476381,41.9718426394224,"1999-2011","manuf"
"38902",2732,2258,-0.190554475981074,3.88571264002508,"1999-2011","manuf"
"39000",10393,8134,-0.245079695121252,8.20577913595939,"1999-2011","manuf"
"3901",14707,9434,-0.444003386056107,8.56506466220993,"1999-2011","manuf"
"3902",315,230,-0.314493329902438,5.77668901538802,"1999-2011","manuf"
"39100",15996,14282,-0.113338687857654,7.04631997869951,"1999-2011","manuf"
"39201",2651,1910,-0.32783368524835,8.39613583124,"1999-2011","manuf"
"39202",325,164,-0.683958754505539,10.9324871875307,"1999-2011","manuf"
"39203",9464,5716,-0.504225866608465,7.66890065270984,"1999-2011","manuf"
"39204",40,10,-1.38629436111989,12.3340657064252,"1999-2011","manuf"
"39205",215,90,-0.870828357797397,4.63679697905873,"1999-2011","manuf"
"39301",230,254,0.099254958095341,11.7976832204538,"1999-2011","manuf"
"39302",9746,9835,0.00909050741970852,10.1613938608794,"1999-2011","manuf"
"39303",2594,2895,0.109784025130706,9.62917732973754,"1999-2011","manuf"
"39400",243380,158545,-0.428585543214687,12.5982520260618,"1999-2011","manuf"
"4001",3650,2831,-0.254097161464638,16.6855034385466,"1999-2011","manuf"
"4002",27647,16151,-0.537535255729674,15.1463459615566,"1999-2011","manuf"
"4003",4274,2973,-0.362978612880996,9.48707855643556,"1999-2011","manuf"
"4004",1225,1068,-0.137153103458687,16.4955237396509,"1999-2011","manuf"
"401",51618,24473,-0.7462999798264,13.8727912733454,"1999-2011","manuf"
"402",19882,6167,-1.1706023037806,15.2139852804662,"1999-2011","manuf"
"4101",3894,3482,-0.111830065604011,13.5796790374504,"1999-2011","manuf"
"4102",14894,8962,-0.507965030924503,11.0734606077492,"1999-2011","manuf"
"4103",10936,6393,-0.536856457637059,9.81495523184608,"1999-2011","manuf"
"4200",37339,23177,-0.476877949202562,15.5358789826931,"1999-2011","manuf"
"4301",4762,4750,-0.00252313001812254,26.609979926011,"1999-2011","manuf"
"4302",7402,4308,-0.541276474669822,13.7671970513034,"1999-2011","manuf"
"4401",8216,6276,-0.269350637755471,7.30197687329118,"1999-2011","manuf"
"4402",8908,4790,-0.620419337972297,23.5536216812777,"1999-2011","manuf"
"4501",885,415,-0.757309124777231,10.6702287394514,"1999-2011","manuf"
"4502",1460,525,-1.02279345211076,13.5315173488813,"1999-2011","manuf"
"4601",4879,4704,-0.0365270702373746,12.6199213730381,"1999-2011","manuf"
"4602",13289,8441,-0.453835840347788,15.9302395651334,"1999-2011","manuf"
"4701",12698,5504,-0.835969400117216,17.7863643636776,"1999-2011","manuf"
"4702",9000,5182,-0.552033495196302,18.174800687292,"1999-2011","manuf"
"4800",12032,3354,-1.27741610380647,13.6693404095824,"1999-2011","manuf"
"4901",26264,14015,-0.62807099558254,14.9576400997534,"1999-2011","manuf"
"4902",12785,7559,-0.52553370243311,12.0335302520697,"1999-2011","manuf"
"4903",8636,2615,-1.19467541513567,20.9863179169962,"1999-2011","manuf"
"500",146995,83000,-0.57155796479822,13.5947704921065,"1999-2011","manuf"
"5000",40013,25909,-0.434614002620682,19.8932016646884,"1999-2011","manuf"
"5100",16539,10207,-0.482647468854294,15.9662246499822,"1999-2011","manuf"
"5201",8558,4158,-0.721832328558804,14.979236882703,"1999-2011","manuf"
"5202",57193,35474,-0.477631479491228,23.4838825081919,"1999-2011","manuf"
"5300",7372,3782,-0.667436069571311,49.5561057931543,"1999-2011","manuf"
"5401",18307,15597,-0.160204912299189,12.3329690931703,"1999-2011","manuf"
"5402",10961,8309,-0.277004253550743,11.8307320636239,"1999-2011","manuf"
"5500",24547,10174,-0.880754200780311,10.8008785382509,"1999-2011","manuf"
"5600",87762,55713,-0.45441509225398,17.7317584488712,"1999-2011","manuf"
"5700",16156,13202,-0.201923164434588,17.4182796488592,"1999-2011","manuf"
"5800",14576,8598,-0.527846722443513,18.8490294682938,"1999-2011","manuf"
"5900",16215,12364,-0.271147715489411,17.967277785143,"1999-2011","manuf"
"6000",57468,37313,-0.431886479750426,32.923985256159,"1999-2011","manuf"
"601",10392,5950,-0.55764505981076,18.2477501767633,"1999-2011","manuf"
"602",9703,2995,-1.17549088447575,18.2829373124938,"1999-2011","manuf"
"6100",42906,27899,-0.430420830403252,12.7571634727966,"1999-2011","manuf"
"6200",23613,15100,-0.447102664007545,14.6326801692217,"1999-2011","manuf"
"6301",14354,8398,-0.536035066745878,16.8954694819874,"1999-2011","manuf"
"6302",12745,6864,-0.618848675642418,14.0342562696845,"1999-2011","manuf"
"6401",46113,36120,-0.24424817736212,12.844026028621,"1999-2011","manuf"
"6402",9585,6897,-0.329112842048454,21.5421005236014,"1999-2011","manuf"
"6501",3785,2795,-0.30321378028235,9.54274793215489,"1999-2011","manuf"
"6502",31949,18744,-0.533267180223689,21.9168196887701,"1999-2011","manuf"
"6600",76071,51352,-0.392963230700103,20.3440213402101,"1999-2011","manuf"
"6700",80855,51217,-0.456585918844622,19.2806474976289,"1999-2011","manuf"
"6800",21577,16022,-0.297665154764323,9.5738493292766,"1999-2011","manuf"
"6900",22349,16442,-0.306942540599344,15.6289793772083,"1999-2011","manuf"
"700",49546,31551,-0.451296246772584,11.9787743246382,"1999-2011","manuf"
"7000",96935,21554,-1.50347923661653,24.7458469703107,"1999-2011","manuf"
"7100",34699,18813,-0.612162747864756,19.1575877537259,"1999-2011","manuf"
"7200",8697,7403,-0.161092815146668,14.0835495814594,"1999-2011","manuf"
"7300",23429,19918,-0.162350725775056,20.2958011362354,"1999-2011","manuf"
"7400",50581,40230,-0.228963025745026,17.5901917311185,"1999-2011","manuf"
"7500",16192,11328,-0.357239756153692,12.0273350168798,"1999-2011","manuf"
"7600",38329,27292,-0.339613170873806,9.9269156804118,"1999-2011","manuf"
"7700",8222,6025,-0.310896009098968,4.38297944938488,"1999-2011","manuf"
"7800",10872,6022,-0.5907712467893,10.2472492888279,"1999-2011","manuf"
"7900",7758,5086,-0.422232902017846,13.6882127684766,"1999-2011","manuf"
"800",65929,25850,-0.93626780445374,9.78953947380738,"1999-2011","manuf"
"8000",22405,10518,-0.756196073070955,12.2614227611308,"1999-2011","manuf"
"8100",47132,37856,-0.219162688055118,20.1601003047049,"1999-2011","manuf"
"8201",8653,4521,-0.649172873312134,12.2578473805729,"1999-2011","manuf"
"8202",25879,23673,-0.0890966708028014,10.7709025735133,"1999-2011","manuf"
"8300",112881,63963,-0.568029375289614,13.5629799418299,"1999-2011","manuf"
"8401",57000,25738,-0.795082768763077,17.3494584032007,"1999-2011","manuf"
"8402",3739,1444,-0.951401155524342,13.0860862384381,"1999-2011","manuf"
"8501",4985,1905,-0.961951394835136,11.3257984118875,"1999-2011","manuf"
"8502",4835,2115,-0.826826316407016,8.87412715968673,"1999-2011","manuf"
"8503",22568,10794,-0.737542549503244,13.0163700803341,"1999-2011","manuf"
"8601",13047,6412,-0.710386987536305,7.03315513736441,"1999-2011","manuf"
"8602",4671,2637,-0.571731274148821,8.53664369409188,"1999-2011","manuf"
"8701",5750,4590,-0.225319830736805,7.52020798239557,"1999-2011","manuf"
"8702",9953,5100,-0.668633473533646,13.7365640779688,"1999-2011","manuf"
"8800",18291,18150,-0.00773857488292862,6.7884718215739,"1999-2011","manuf"
"8900",23012,13535,-0.530736895934782,12.7751817358278,"1999-2011","manuf"
"900",117177,65437,-0.582597764427549,11.7925879691383,"1999-2011","manuf"
"9001",11507,6399,-0.586813817683998,16.2783386316757,"1999-2011","manuf"
"9002",8924,3832,-0.845357416461672,8.12447158712364,"1999-2011","manuf"
"9003",6310,4152,-0.418545530689535,18.618971953591,"1999-2011","manuf"
"9100",162743,105365,-0.434741756761825,17.7579150874126,"1999-2011","manuf"
"9200",14541,5934,-0.896273723662718,13.3814224663243,"1999-2011","manuf"
"9301",16809,8294,-0.706382095427067,11.2124927705265,"1999-2011","manuf"
"9302",12758,7297,-0.558695221036279,12.5262704964827,"1999-2011","manuf"
"9400",33147,27079,-0.202193695058776,9.0122044554538,"1999-2011","manuf"
"9500",19523,11914,-0.493879078494169,16.6108062735318,"1999-2011","manuf"
"9600",54259,33660,-0.477458688515767,13.9655681201799,"1999-2011","manuf"
"9701",28328,13729,-0.724340330894135,15.2399911348258,"1999-2011","manuf"
"9702",7443,3455,-0.767451536158141,11.4217382888995,"1999-2011","manuf"
"9800",10085,7018,-0.362570894245152,7.29194715882914,"1999-2011","manuf"
"9900",7311,5884,-0.217143260571987,19.2519359236982,"1999-2011","manuf"
